id,slug,url,faq_removed,featured,bytes_before,bytes_after,action
3253,ac-periodic-maintenance-contracts-sitra,https://rukn-eltatawer.com/bh/ac-periodic-maintenance-contracts-sitra/,5,1,24846,21585,PUT
3252,ac-periodic-maintenance-contracts-isa-town,https://rukn-eltatawer.com/bh/ac-periodic-maintenance-contracts-isa-town/,5,1,25590,22127,PUT
3251,ac-periodic-maintenance-contracts-aali,https://rukn-eltatawer.com/bh/ac-periodic-maintenance-contracts-aali/,6,1,25010,21236,PUT
3250,ac-periodic-maintenance-contracts-hamad-town,https://rukn-eltatawer.com/bh/ac-periodic-maintenance-contracts-hamad-town/,4,1,24429,21841,PUT
3249,ac-periodic-maintenance-contracts-riffa,https://rukn-eltatawer.com/bh/ac-periodic-maintenance-contracts-riffa/,5,1,25461,22124,PUT
3248,ac-periodic-maintenance-contracts-muharraq,https://rukn-eltatawer.com/bh/ac-periodic-maintenance-contracts-muharraq/,5,1,25573,22224,PUT
3247,ac-periodic-maintenance-contracts-manama,https://rukn-eltatawer.com/bh/ac-periodic-maintenance-contracts-manama/,6,1,26020,22314,PUT
3246,commercial-refrigeration-maintenance-budaiya,https://rukn-eltatawer.com/bh/commercial-refrigeration-maintenance-budaiya/,5,1,24810,21543,PUT
3245,commercial-refrigeration-maintenance-sitra,https://rukn-eltatawer.com/bh/commercial-refrigeration-maintenance-sitra/,4,1,24359,21713,PUT
3244,commercial-refrigeration-maintenance-isa-town,https://rukn-eltatawer.com/bh/commercial-refrigeration-maintenance-isa-town/,4,1,24789,22133,PUT
3243,commercial-refrigeration-maintenance-aali,https://rukn-eltatawer.com/bh/commercial-refrigeration-maintenance-aali/,4,1,24141,21503,PUT
3242,commercial-refrigeration-maintenance-hamad-town,https://rukn-eltatawer.com/bh/commercial-refrigeration-maintenance-hamad-town/,6,1,25740,21896,PUT
3241,commercial-refrigeration-maintenance-riffa,https://rukn-eltatawer.com/bh/commercial-refrigeration-maintenance-riffa/,4,1,25151,22453,PUT
3240,commercial-refrigeration-maintenance-muharraq,https://rukn-eltatawer.com/bh/commercial-refrigeration-maintenance-muharraq/,5,1,25693,22338,PUT
3239,commercial-refrigeration-maintenance-manama,https://rukn-eltatawer.com/bh/commercial-refrigeration-maintenance-manama/,6,1,25907,22177,PUT
3238,cooling-fault-detection-budaiya,https://rukn-eltatawer.com/bh/cooling-fault-detection-budaiya/,5,1,24478,21235,PUT
3237,cooling-fault-detection-sitra,https://rukn-eltatawer.com/bh/cooling-fault-detection-sitra/,6,1,24933,21273,PUT
3236,cooling-fault-detection-isa-town,https://rukn-eltatawer.com/bh/cooling-fault-detection-isa-town/,5,1,25182,21877,PUT
3235,cooling-fault-detection-aali,https://rukn-eltatawer.com/bh/cooling-fault-detection-aali/,4,1,23770,21132,PUT
3234,cooling-fault-detection-hamad-town,https://rukn-eltatawer.com/bh/cooling-fault-detection-hamad-town/,6,1,25322,21478,PUT
3233,cooling-fault-detection-riffa,https://rukn-eltatawer.com/bh/cooling-fault-detection-riffa/,5,1,25239,21920,PUT
3232,cooling-fault-detection-muharraq,https://rukn-eltatawer.com/bh/cooling-fault-detection-muharraq/,4,1,24387,21757,PUT
3231,cooling-fault-detection-manama,https://rukn-eltatawer.com/bh/cooling-fault-detection-manama/,5,1,25910,22423,PUT
3230,new-central-ac-installation-budaiya,https://rukn-eltatawer.com/bh/new-central-ac-installation-budaiya/,4,1,23892,21308,PUT
3229,new-central-ac-installation-sitra,https://rukn-eltatawer.com/bh/new-central-ac-installation-sitra/,5,1,24936,21667,PUT
3228,new-central-ac-installation-isa-town,https://rukn-eltatawer.com/bh/new-central-ac-installation-isa-town/,4,1,24709,22053,PUT
3227,new-central-ac-installation-aali,https://rukn-eltatawer.com/bh/new-central-ac-installation-aali/,6,1,24803,21101,PUT
3226,new-central-ac-installation-hamad-town,https://rukn-eltatawer.com/bh/new-central-ac-installation-hamad-town/,4,1,24396,21808,PUT
3225,new-central-ac-installation-riffa,https://rukn-eltatawer.com/bh/new-central-ac-installation-riffa/,5,1,25649,22218,PUT
3224,new-central-ac-installation-muharraq,https://rukn-eltatawer.com/bh/new-central-ac-installation-muharraq/,5,1,25726,22205,PUT
3223,new-central-ac-installation-manama,https://rukn-eltatawer.com/bh/new-central-ac-installation-manama/,5,1,26093,22672,PUT
3222,ac-duct-maintenance-budaiya,https://rukn-eltatawer.com/bh/ac-duct-maintenance-budaiya/,5,1,24586,21335,PUT
3221,ac-duct-maintenance-sitra,https://rukn-eltatawer.com/bh/ac-duct-maintenance-sitra/,6,1,25047,21387,PUT
3220,ac-duct-maintenance-isa-town,https://rukn-eltatawer.com/bh/ac-duct-maintenance-isa-town/,6,1,25622,21816,PUT
3219,ac-duct-maintenance-aali,https://rukn-eltatawer.com/bh/ac-duct-maintenance-aali/,4,1,23874,21236,PUT
3218,ac-duct-maintenance-hamad-town,https://rukn-eltatawer.com/bh/ac-duct-maintenance-hamad-town/,4,1,24309,21721,PUT
3217,ac-duct-maintenance-riffa,https://rukn-eltatawer.com/bh/ac-duct-maintenance-riffa/,6,1,25509,21725,PUT
3216,ac-duct-maintenance-muharraq,https://rukn-eltatawer.com/bh/ac-duct-maintenance-muharraq/,6,1,25368,21628,PUT
3215,ac-duct-maintenance-manama,https://rukn-eltatawer.com/bh/ac-duct-maintenance-manama/,6,1,25959,22253,PUT
3214,ac-relocation-installation-budaiya,https://rukn-eltatawer.com/bh/ac-relocation-installation-budaiya/,6,1,24695,20989,PUT
3213,ac-relocation-installation-sitra,https://rukn-eltatawer.com/bh/ac-relocation-installation-sitra/,6,1,25001,21341,PUT
3212,ac-relocation-installation-isa-town,https://rukn-eltatawer.com/bh/ac-relocation-installation-isa-town/,6,1,25464,21780,PUT
3211,ac-relocation-installation-aali,https://rukn-eltatawer.com/bh/ac-relocation-installation-aali/,4,1,23854,21216,PUT
3210,ac-relocation-installation-hamad-town,https://rukn-eltatawer.com/bh/ac-relocation-installation-hamad-town/,4,1,24244,21656,PUT
3209,ac-relocation-installation-riffa,https://rukn-eltatawer.com/bh/ac-relocation-installation-riffa/,6,1,25205,21475,PUT
3208,ac-relocation-installation-muharraq,https://rukn-eltatawer.com/bh/ac-relocation-installation-muharraq/,6,1,25293,21553,PUT
3207,ac-relocation-installation-manama,https://rukn-eltatawer.com/bh/ac-relocation-installation-manama/,5,1,25767,22354,PUT
3206,ac-cleaning-washing-budaiya,https://rukn-eltatawer.com/bh/ac-cleaning-washing-budaiya/,6,1,24791,21055,PUT
3205,ac-cleaning-washing-sitra,https://rukn-eltatawer.com/bh/ac-cleaning-washing-sitra/,4,1,24036,21390,PUT
3204,ac-cleaning-washing-isa-town,https://rukn-eltatawer.com/bh/ac-cleaning-washing-isa-town/,4,1,24501,21845,PUT
3203,ac-cleaning-washing-aali,https://rukn-eltatawer.com/bh/ac-cleaning-washing-aali/,6,1,24822,21166,PUT
3202,ac-cleaning-washing-hamad-town,https://rukn-eltatawer.com/bh/ac-cleaning-washing-hamad-town/,4,1,24413,21825,PUT
3201,ac-cleaning-washing-riffa,https://rukn-eltatawer.com/bh/ac-cleaning-washing-riffa/,6,1,25537,21829,PUT
3200,ac-cleaning-washing-muharraq,https://rukn-eltatawer.com/bh/ac-cleaning-washing-muharraq/,5,1,25396,22055,PUT
3199,ac-cleaning-washing-manama,https://rukn-eltatawer.com/bh/ac-cleaning-washing-manama/,4,1,25222,22546,PUT
3198,ac-freon-refill-budaiya,https://rukn-eltatawer.com/bh/ac-freon-refill-budaiya/,6,1,24790,21054,PUT
3197,ac-freon-refill-sitra,https://rukn-eltatawer.com/bh/ac-freon-refill-sitra/,6,1,25091,21315,PUT
3196,ac-freon-refill-isa-town,https://rukn-eltatawer.com/bh/ac-freon-refill-isa-town/,5,1,25275,21968,PUT
3195,ac-freon-refill-aali,https://rukn-eltatawer.com/bh/ac-freon-refill-aali/,5,1,24614,21293,PUT
3194,ac-freon-refill-hamad-town,https://rukn-eltatawer.com/bh/ac-freon-refill-hamad-town/,4,1,24421,21833,PUT
3193,ac-freon-refill-riffa,https://rukn-eltatawer.com/bh/ac-freon-refill-riffa/,6,1,25548,21742,PUT
3192,ac-freon-refill-muharraq,https://rukn-eltatawer.com/bh/ac-freon-refill-muharraq/,5,1,25606,22165,PUT
3191,ac-freon-refill-manama,https://rukn-eltatawer.com/bh/ac-freon-refill-manama/,4,1,24972,22296,PUT
3190,window-ac-installation-budaiya,https://rukn-eltatawer.com/bh/window-ac-installation-budaiya/,6,1,25023,21363,PUT
3189,window-ac-installation-sitra,https://rukn-eltatawer.com/bh/window-ac-installation-sitra/,5,1,24924,21653,PUT
3188,window-ac-installation-isa-town,https://rukn-eltatawer.com/bh/window-ac-installation-isa-town/,5,1,25507,22186,PUT
3187,window-ac-installation-aali,https://rukn-eltatawer.com/bh/window-ac-installation-aali/,6,1,24788,21086,PUT
3186,window-ac-installation-hamad-town,https://rukn-eltatawer.com/bh/window-ac-installation-hamad-town/,4,1,24518,21930,PUT
3185,window-ac-installation-riffa,https://rukn-eltatawer.com/bh/window-ac-installation-riffa/,6,1,25554,21824,PUT
3184,window-ac-installation-muharraq,https://rukn-eltatawer.com/bh/window-ac-installation-muharraq/,4,1,24860,22230,PUT
3183,window-ac-installation-manama,https://rukn-eltatawer.com/bh/window-ac-installation-manama/,5,1,26052,22627,PUT
3182,split-ac-installation-budaiya,https://rukn-eltatawer.com/bh/split-ac-installation-budaiya/,6,1,24783,21047,PUT
3181,split-ac-installation-sitra,https://rukn-eltatawer.com/bh/split-ac-installation-sitra/,6,1,24993,21261,PUT
3180,split-ac-installation-isa-town,https://rukn-eltatawer.com/bh/split-ac-installation-isa-town/,6,1,25533,21849,PUT
3179,split-ac-installation-aali,https://rukn-eltatawer.com/bh/split-ac-installation-aali/,5,1,24490,21239,PUT
3178,split-ac-installation-hamad-town,https://rukn-eltatawer.com/bh/split-ac-installation-hamad-town/,4,1,24306,21718,PUT
3177,split-ac-installation-riffa,https://rukn-eltatawer.com/bh/split-ac-installation-riffa/,6,1,25554,21748,PUT
3176,split-ac-installation-muharraq,https://rukn-eltatawer.com/bh/split-ac-installation-muharraq/,4,1,24361,21731,PUT
3175,split-ac-installation-manama,https://rukn-eltatawer.com/bh/split-ac-installation-manama/,5,1,26066,22567,PUT
3174,plumbing-fault-repair-budaiya,https://rukn-eltatawer.com/bh/plumbing-fault-repair-budaiya/,4,1,23374,20790,PUT
3173,plumbing-fault-repair-sitra,https://rukn-eltatawer.com/bh/plumbing-fault-repair-sitra/,4,1,23766,21120,PUT
3172,plumbing-fault-repair-isa-town,https://rukn-eltatawer.com/bh/plumbing-fault-repair-isa-town/,4,1,24331,21675,PUT
3171,plumbing-fault-repair-aali,https://rukn-eltatawer.com/bh/plumbing-fault-repair-aali/,4,1,23554,20916,PUT
3170,plumbing-fault-repair-hamad-town,https://rukn-eltatawer.com/bh/plumbing-fault-repair-hamad-town/,5,1,25053,21568,PUT
3169,plumbing-fault-repair-riffa,https://rukn-eltatawer.com/bh/plumbing-fault-repair-riffa/,5,1,25153,21714,PUT
3168,plumbing-fault-repair-muharraq,https://rukn-eltatawer.com/bh/plumbing-fault-repair-muharraq/,4,1,24365,21735,PUT
3167,plumbing-fault-repair-manama,https://rukn-eltatawer.com/bh/plumbing-fault-repair-manama/,4,1,24868,22192,PUT
3166,central-heater-installation-maintenance-budaiya,https://rukn-eltatawer.com/bh/central-heater-installation-maintenance-budaiya/,5,1,24467,21120,PUT
3165,central-heater-installation-maintenance-sitra,https://rukn-eltatawer.com/bh/central-heater-installation-maintenance-sitra/,5,1,24528,21251,PUT
3164,central-heater-installation-maintenance-isa-town,https://rukn-eltatawer.com/bh/central-heater-installation-maintenance-isa-town/,5,1,25111,21784,PUT
3163,central-heater-installation-maintenance-aali,https://rukn-eltatawer.com/bh/central-heater-installation-maintenance-aali/,6,1,24354,20652,PUT
3162,central-heater-installation-maintenance-hamad-town,https://rukn-eltatawer.com/bh/central-heater-installation-maintenance-hamad-town/,6,1,25276,21434,PUT
3161,central-heater-installation-maintenance-riffa,https://rukn-eltatawer.com/bh/central-heater-installation-maintenance-riffa/,5,1,25034,21693,PUT
3160,central-heater-installation-maintenance-muharraq,https://rukn-eltatawer.com/bh/central-heater-installation-maintenance-muharraq/,5,1,24982,21621,PUT
3159,central-heater-installation-maintenance-manama,https://rukn-eltatawer.com/bh/central-heater-installation-maintenance-manama/,6,1,25642,21936,PUT
3158,water-pump-maintenance-budaiya,https://rukn-eltatawer.com/bh/water-pump-maintenance-budaiya/,6,1,24226,20444,PUT
3157,water-pump-maintenance-sitra,https://rukn-eltatawer.com/bh/water-pump-maintenance-sitra/,6,1,24366,20634,PUT
3156,water-pump-maintenance-isa-town,https://rukn-eltatawer.com/bh/water-pump-maintenance-isa-town/,4,1,23819,21163,PUT
3155,water-pump-maintenance-aali,https://rukn-eltatawer.com/bh/water-pump-maintenance-aali/,6,1,24153,20425,PUT
3154,water-pump-maintenance-hamad-town,https://rukn-eltatawer.com/bh/water-pump-maintenance-hamad-town/,4,1,23558,20970,PUT
3153,water-pump-maintenance-riffa,https://rukn-eltatawer.com/bh/water-pump-maintenance-riffa/,5,1,24617,21296,PUT
3152,water-pump-maintenance-muharraq,https://rukn-eltatawer.com/bh/water-pump-maintenance-muharraq/,6,1,24843,21039,PUT
3151,water-pump-maintenance-manama,https://rukn-eltatawer.com/bh/water-pump-maintenance-manama/,5,1,25457,21798,PUT
3150,new-building-electrical-plumbing-budaiya,https://rukn-eltatawer.com/bh/new-building-electrical-plumbing-budaiya/,6,1,24791,21009,PUT
3149,new-building-electrical-plumbing-sitra,https://rukn-eltatawer.com/bh/new-building-electrical-plumbing-sitra/,6,1,24857,21125,PUT
3148,new-building-electrical-plumbing-isa-town,https://rukn-eltatawer.com/bh/new-building-electrical-plumbing-isa-town/,4,1,24375,21719,PUT
3147,new-building-electrical-plumbing-aali,https://rukn-eltatawer.com/bh/new-building-electrical-plumbing-aali/,5,1,24600,21231,PUT
3146,new-building-electrical-plumbing-hamad-town,https://rukn-eltatawer.com/bh/new-building-electrical-plumbing-hamad-town/,6,1,25419,21577,PUT
3145,new-building-electrical-plumbing-riffa,https://rukn-eltatawer.com/bh/new-building-electrical-plumbing-riffa/,5,1,25401,21938,PUT
3144,new-building-electrical-plumbing-muharraq,https://rukn-eltatawer.com/bh/new-building-electrical-plumbing-muharraq/,5,1,25380,22015,PUT
3143,new-building-electrical-plumbing-manama,https://rukn-eltatawer.com/bh/new-building-electrical-plumbing-manama/,6,1,25756,22050,PUT
3142,24h-emergency-electrician-budaiya,https://rukn-eltatawer.com/bh/24h-emergency-electrician-budaiya/,4,1,22212,19628,PUT
3141,24h-emergency-electrician-sitra,https://rukn-eltatawer.com/bh/24h-emergency-electrician-sitra/,6,1,23341,19637,PUT
1583,24h-emergency-electrician-isa-town,https://rukn-eltatawer.com/bh/24h-emergency-electrician-isa-town/,6,1,23876,20192,PUT
1582,24h-emergency-electrician-aali,https://rukn-eltatawer.com/bh/24h-emergency-electrician-aali/,4,1,22400,19762,PUT
1581,24h-emergency-electrician-hamad-town,https://rukn-eltatawer.com/bh/24h-emergency-electrician-hamad-town/,5,1,23962,20489,PUT
1580,24h-emergency-electrician-riffa,https://rukn-eltatawer.com/bh/24h-emergency-electrician-riffa/,4,1,23255,20557,PUT
1579,24h-emergency-electrician-muharraq,https://rukn-eltatawer.com/bh/24h-emergency-electrician-muharraq/,4,1,22997,20367,PUT
1578,24h-emergency-electrician-manama,https://rukn-eltatawer.com/bh/24h-emergency-electrician-manama/,6,1,24058,20328,PUT
1577,sanitary-fixtures-installation-budaiya,https://rukn-eltatawer.com/bh/sanitary-fixtures-installation-budaiya/,4,1,21926,19342,PUT
1576,sanitary-fixtures-installation-sitra,https://rukn-eltatawer.com/bh/sanitary-fixtures-installation-sitra/,5,1,22979,19730,PUT
1575,sanitary-fixtures-installation-isa-town,https://rukn-eltatawer.com/bh/sanitary-fixtures-installation-isa-town/,5,1,23398,20095,PUT
1574,sanitary-fixtures-installation-aali,https://rukn-eltatawer.com/bh/sanitary-fixtures-installation-aali/,5,1,22833,19458,PUT
1573,sanitary-fixtures-installation-hamad-town,https://rukn-eltatawer.com/bh/sanitary-fixtures-installation-hamad-town/,5,1,23377,20028,PUT
1572,sanitary-fixtures-installation-riffa,https://rukn-eltatawer.com/bh/sanitary-fixtures-installation-riffa/,4,1,23058,20360,PUT
1571,sanitary-fixtures-installation-muharraq,https://rukn-eltatawer.com/bh/sanitary-fixtures-installation-muharraq/,4,1,22622,19992,PUT
1570,sanitary-fixtures-installation-manama,https://rukn-eltatawer.com/bh/sanitary-fixtures-installation-manama/,4,1,23073,20397,PUT
1569,drainage-pipe-maintenance-budaiya,https://rukn-eltatawer.com/bh/drainage-pipe-maintenance-budaiya/,6,1,23161,19425,PUT
1568,drainage-pipe-maintenance-sitra,https://rukn-eltatawer.com/bh/drainage-pipe-maintenance-sitra/,6,1,23462,19802,PUT
1567,drainage-pipe-maintenance-isa-town,https://rukn-eltatawer.com/bh/drainage-pipe-maintenance-isa-town/,5,1,23879,20420,PUT
1566,drainage-pipe-maintenance-aali,https://rukn-eltatawer.com/bh/drainage-pipe-maintenance-aali/,6,1,23288,19514,PUT
1565,drainage-pipe-maintenance-hamad-town,https://rukn-eltatawer.com/bh/drainage-pipe-maintenance-hamad-town/,5,1,23902,20433,PUT
1564,drainage-pipe-maintenance-riffa,https://rukn-eltatawer.com/bh/drainage-pipe-maintenance-riffa/,6,1,23696,19966,PUT
1563,drainage-pipe-maintenance-muharraq,https://rukn-eltatawer.com/bh/drainage-pipe-maintenance-muharraq/,4,1,23144,20514,PUT
1562,drainage-pipe-maintenance-manama,https://rukn-eltatawer.com/bh/drainage-pipe-maintenance-manama/,6,1,24266,20482,PUT
1561,water-heater-installation-budaiya,https://rukn-eltatawer.com/bh/water-heater-installation-budaiya/,6,1,24197,20537,PUT
1560,water-heater-installation-sitra,https://rukn-eltatawer.com/bh/water-heater-installation-sitra/,4,1,23393,20747,PUT
1559,water-heater-installation-isa-town,https://rukn-eltatawer.com/bh/water-heater-installation-isa-town/,4,1,23890,21234,PUT
1558,water-heater-installation-aali,https://rukn-eltatawer.com/bh/water-heater-installation-aali/,6,1,24274,20618,PUT
1557,water-heater-installation-hamad-town,https://rukn-eltatawer.com/bh/water-heater-installation-hamad-town/,4,1,23582,20994,PUT
1556,water-heater-installation-riffa,https://rukn-eltatawer.com/bh/water-heater-installation-riffa/,5,1,24644,21317,PUT
1555,water-heater-installation-muharraq,https://rukn-eltatawer.com/bh/water-heater-installation-muharraq/,6,1,24670,20930,PUT
1554,water-heater-installation-manama,https://rukn-eltatawer.com/bh/water-heater-installation-manama/,4,1,24215,21539,PUT
1553,water-pipe-leak-detection-budaiya,https://rukn-eltatawer.com/bh/water-pipe-leak-detection-budaiya/,5,1,25820,22485,PUT
1552,water-pipe-leak-detection-sitra,https://rukn-eltatawer.com/bh/water-pipe-leak-detection-sitra/,4,1,25236,22590,PUT
1551,water-pipe-leak-detection-isa-town,https://rukn-eltatawer.com/bh/water-pipe-leak-detection-isa-town/,6,1,26650,22882,PUT
1550,water-pipe-leak-detection-aali,https://rukn-eltatawer.com/bh/water-pipe-leak-detection-aali/,4,1,25352,22714,PUT
1549,water-pipe-leak-detection-hamad-town,https://rukn-eltatawer.com/bh/water-pipe-leak-detection-hamad-town/,6,1,26837,22995,PUT
1548,water-pipe-leak-detection-riffa,https://rukn-eltatawer.com/bh/water-pipe-leak-detection-riffa/,4,1,25748,23050,PUT
1547,water-pipe-leak-detection-muharraq,https://rukn-eltatawer.com/bh/water-pipe-leak-detection-muharraq/,4,1,25803,23173,PUT
1546,water-pipe-leak-detection-manama,https://rukn-eltatawer.com/bh/water-pipe-leak-detection-manama/,5,1,27133,23710,PUT
1545,home-plumber-elec-budaiya,https://rukn-eltatawer.com/bh/home-plumber-elec-budaiya/,6,1,23795,20089,PUT
1544,home-plumber-elec-sitra,https://rukn-eltatawer.com/bh/home-plumber-elec-sitra/,5,1,23939,20702,PUT
1543,home-plumber-elec-isa-town,https://rukn-eltatawer.com/bh/home-plumber-elec-isa-town/,6,1,24441,20719,PUT
1542,home-plumber-elec-aali,https://rukn-eltatawer.com/bh/home-plumber-elec-aali/,5,1,23643,20408,PUT
1541,home-plumber-elec-hamad-town,https://rukn-eltatawer.com/bh/home-plumber-elec-hamad-town/,4,1,23432,20844,PUT
1540,home-plumber-elec-riffa,https://rukn-eltatawer.com/bh/home-plumber-elec-riffa/,6,1,24428,20698,PUT
1539,home-plumber-elec-muharraq,https://rukn-eltatawer.com/bh/home-plumber-elec-muharraq/,4,1,23818,21188,PUT
1538,home-plumber-elec-manama,https://rukn-eltatawer.com/bh/home-plumber-elec-manama/,4,1,23989,21313,PUT
1537,indoor-outdoor-lighting-installation-budaiya,https://rukn-eltatawer.com/bh/indoor-outdoor-lighting-installation-budaiya/,5,1,23232,19963,PUT
1536,indoor-outdoor-lighting-installation-sitra,https://rukn-eltatawer.com/bh/indoor-outdoor-lighting-installation-sitra/,4,1,22795,20149,PUT
1535,indoor-outdoor-lighting-installation-isa-town,https://rukn-eltatawer.com/bh/indoor-outdoor-lighting-installation-isa-town/,5,1,23973,20502,PUT
1534,indoor-outdoor-lighting-installation-aali,https://rukn-eltatawer.com/bh/indoor-outdoor-lighting-installation-aali/,6,1,23426,19770,PUT
1533,indoor-outdoor-lighting-installation-hamad-town,https://rukn-eltatawer.com/bh/indoor-outdoor-lighting-installation-hamad-town/,6,1,24206,20364,PUT
1532,indoor-outdoor-lighting-installation-riffa,https://rukn-eltatawer.com/bh/indoor-outdoor-lighting-installation-riffa/,4,1,23395,20697,PUT
1531,indoor-outdoor-lighting-installation-muharraq,https://rukn-eltatawer.com/bh/indoor-outdoor-lighting-installation-muharraq/,4,1,23226,20596,PUT
1530,indoor-outdoor-lighting-installation-manama,https://rukn-eltatawer.com/bh/indoor-outdoor-lighting-installation-manama/,6,1,24624,20816,PUT
1529,electrical-fault-detection-budaiya,https://rukn-eltatawer.com/bh/electrical-fault-detection-budaiya/,5,1,22901,19594,PUT
1528,electrical-fault-detection-sitra,https://rukn-eltatawer.com/bh/electrical-fault-detection-sitra/,4,1,22344,19698,PUT
1527,electrical-fault-detection-isa-town,https://rukn-eltatawer.com/bh/electrical-fault-detection-isa-town/,6,1,23682,19914,PUT
1526,electrical-fault-detection-aali,https://rukn-eltatawer.com/bh/electrical-fault-detection-aali/,6,1,23102,19446,PUT
1525,electrical-fault-detection-hamad-town,https://rukn-eltatawer.com/bh/electrical-fault-detection-hamad-town/,5,1,23365,20018,PUT
1524,electrical-fault-detection-riffa,https://rukn-eltatawer.com/bh/electrical-fault-detection-riffa/,5,1,23465,20140,PUT
1523,electrical-fault-detection-muharraq,https://rukn-eltatawer.com/bh/electrical-fault-detection-muharraq/,6,1,23912,20096,PUT
1522,electrical-fault-detection-manama,https://rukn-eltatawer.com/bh/electrical-fault-detection-manama/,4,1,23191,20515,PUT
1521,new-electrical-wiring-budaiya,https://rukn-eltatawer.com/bh/new-electrical-wiring-budaiya/,5,1,23178,19847,PUT
1520,new-electrical-wiring-sitra,https://rukn-eltatawer.com/bh/new-electrical-wiring-sitra/,6,1,23540,19764,PUT
1519,new-electrical-wiring-isa-town,https://rukn-eltatawer.com/bh/new-electrical-wiring-isa-town/,4,1,23180,20524,PUT
1518,new-electrical-wiring-aali,https://rukn-eltatawer.com/bh/new-electrical-wiring-aali/,4,1,22555,19917,PUT
1517,new-electrical-wiring-hamad-town,https://rukn-eltatawer.com/bh/new-electrical-wiring-hamad-town/,4,1,22674,20086,PUT
1516,new-electrical-wiring-riffa,https://rukn-eltatawer.com/bh/new-electrical-wiring-riffa/,5,1,23976,20545,PUT
1515,new-electrical-wiring-muharraq,https://rukn-eltatawer.com/bh/new-electrical-wiring-muharraq/,6,1,24002,20198,PUT
1514,new-electrical-wiring-manama,https://rukn-eltatawer.com/bh/new-electrical-wiring-manama/,6,1,24320,20536,PUT
1513,electric-panel-maintenance-budaiya,https://rukn-eltatawer.com/bh/electric-panel-maintenance-budaiya/,4,1,22355,19771,PUT
1512,electric-panel-maintenance-sitra,https://rukn-eltatawer.com/bh/electric-panel-maintenance-sitra/,5,1,23083,19822,PUT
1511,electric-panel-maintenance-isa-town,https://rukn-eltatawer.com/bh/electric-panel-maintenance-isa-town/,6,1,23748,19980,PUT
1510,electric-panel-maintenance-aali,https://rukn-eltatawer.com/bh/electric-panel-maintenance-aali/,4,1,22209,19571,PUT
1509,electric-panel-maintenance-hamad-town,https://rukn-eltatawer.com/bh/electric-panel-maintenance-hamad-town/,4,1,22693,20105,PUT
1508,electric-panel-maintenance-riffa,https://rukn-eltatawer.com/bh/electric-panel-maintenance-riffa/,5,1,23750,20259,PUT
1507,electric-panel-maintenance-muharraq,https://rukn-eltatawer.com/bh/electric-panel-maintenance-muharraq/,5,1,23871,20430,PUT
1506,electric-panel-maintenance-manama,https://rukn-eltatawer.com/bh/electric-panel-maintenance-manama/,6,1,23994,20264,PUT
1505,home-electrician-elec-budaiya,https://rukn-eltatawer.com/bh/home-electrician-elec-budaiya/,6,1,23053,19271,PUT
1504,home-electrician-elec-sitra,https://rukn-eltatawer.com/bh/home-electrician-elec-sitra/,6,1,23250,19590,PUT
1503,home-electrician-elec-isa-town,https://rukn-eltatawer.com/bh/home-electrician-elec-isa-town/,6,1,23617,19933,PUT
1502,home-electrician-elec-aali,https://rukn-eltatawer.com/bh/home-electrician-elec-aali/,5,1,22755,19454,PUT
1501,home-electrician-elec-hamad-town,https://rukn-eltatawer.com/bh/home-electrician-elec-hamad-town/,6,1,23684,19922,PUT
1500,home-electrician-elec-riffa,https://rukn-eltatawer.com/bh/home-electrician-elec-riffa/,5,1,23422,20107,PUT
1499,home-electrician-elec-muharraq,https://rukn-eltatawer.com/bh/home-electrician-elec-muharraq/,6,1,23560,19820,PUT
1498,home-electrician-elec-manama,https://rukn-eltatawer.com/bh/home-electrician-elec-manama/,4,1,23107,20431,PUT
1497,post-leak-repaint-maintenance-budaiya,https://rukn-eltatawer.com/bh/post-leak-repaint-maintenance-budaiya/,4,1,24988,22404,PUT
1496,post-leak-repaint-maintenance-sitra,https://rukn-eltatawer.com/bh/post-leak-repaint-maintenance-sitra/,6,1,26415,22639,PUT
1495,post-leak-repaint-maintenance-isa-town,https://rukn-eltatawer.com/bh/post-leak-repaint-maintenance-isa-town/,6,1,26606,22884,PUT
1494,post-leak-repaint-maintenance-aali,https://rukn-eltatawer.com/bh/post-leak-repaint-maintenance-aali/,6,1,26154,22380,PUT
1493,post-leak-repaint-maintenance-hamad-town,https://rukn-eltatawer.com/bh/post-leak-repaint-maintenance-hamad-town/,6,1,26457,22697,PUT
1492,post-leak-repaint-maintenance-riffa,https://rukn-eltatawer.com/bh/post-leak-repaint-maintenance-riffa/,6,1,26774,23066,PUT
1491,post-leak-repaint-maintenance-muharraq,https://rukn-eltatawer.com/bh/post-leak-repaint-maintenance-muharraq/,4,1,25862,23232,PUT
1490,post-leak-repaint-maintenance-manama,https://rukn-eltatawer.com/bh/post-leak-repaint-maintenance-manama/,5,1,27372,23695,PUT
1489,wood-doors-windows-painting-budaiya,https://rukn-eltatawer.com/bh/wood-doors-windows-painting-budaiya/,4,1,22321,19737,PUT
1488,wood-doors-windows-painting-sitra,https://rukn-eltatawer.com/bh/wood-doors-windows-painting-sitra/,5,1,23489,20140,PUT
1487,wood-doors-windows-painting-isa-town,https://rukn-eltatawer.com/bh/wood-doors-windows-painting-isa-town/,4,1,23183,20527,PUT
1486,wood-doors-windows-painting-aali,https://rukn-eltatawer.com/bh/wood-doors-windows-painting-aali/,5,1,23039,19768,PUT
1485,wood-doors-windows-painting-hamad-town,https://rukn-eltatawer.com/bh/wood-doors-windows-painting-hamad-town/,6,1,23968,20124,PUT
1484,wood-doors-windows-painting-riffa,https://rukn-eltatawer.com/bh/wood-doors-windows-painting-riffa/,4,1,23116,20418,PUT
1483,wood-doors-windows-painting-muharraq,https://rukn-eltatawer.com/bh/wood-doors-windows-painting-muharraq/,6,1,24057,20253,PUT
1482,wood-doors-windows-painting-manama,https://rukn-eltatawer.com/bh/wood-doors-windows-painting-manama/,5,1,24616,21093,PUT
1481,decorative-wall-effects-budaiya,https://rukn-eltatawer.com/bh/decorative-wall-effects-budaiya/,5,1,23445,20058,PUT
1480,decorative-wall-effects-sitra,https://rukn-eltatawer.com/bh/decorative-wall-effects-sitra/,6,1,23716,19984,PUT
1479,decorative-wall-effects-isa-town,https://rukn-eltatawer.com/bh/decorative-wall-effects-isa-town/,6,1,24141,20373,PUT
1478,decorative-wall-effects-aali,https://rukn-eltatawer.com/bh/decorative-wall-effects-aali/,6,1,23325,19623,PUT
1477,decorative-wall-effects-hamad-town,https://rukn-eltatawer.com/bh/decorative-wall-effects-hamad-town/,5,1,23947,20572,PUT
1476,decorative-wall-effects-riffa,https://rukn-eltatawer.com/bh/decorative-wall-effects-riffa/,6,1,24121,20337,PUT
1475,decorative-wall-effects-muharraq,https://rukn-eltatawer.com/bh/decorative-wall-effects-muharraq/,4,1,23074,20444,PUT
1474,decorative-wall-effects-manama,https://rukn-eltatawer.com/bh/decorative-wall-effects-manama/,4,1,23646,20970,PUT
1473,electric-spray-painting-budaiya,https://rukn-eltatawer.com/bh/electric-spray-painting-budaiya/,4,1,22055,19471,PUT
1472,electric-spray-painting-sitra,https://rukn-eltatawer.com/bh/electric-spray-painting-sitra/,6,1,23420,19644,PUT
1471,electric-spray-painting-isa-town,https://rukn-eltatawer.com/bh/electric-spray-painting-isa-town/,6,1,23790,19984,PUT
1470,electric-spray-painting-aali,https://rukn-eltatawer.com/bh/electric-spray-painting-aali/,6,1,23144,19370,PUT
1469,electric-spray-painting-hamad-town,https://rukn-eltatawer.com/bh/electric-spray-painting-hamad-town/,6,1,23875,20113,PUT
1468,electric-spray-painting-riffa,https://rukn-eltatawer.com/bh/electric-spray-painting-riffa/,5,1,23553,20232,PUT
1467,electric-spray-painting-muharraq,https://rukn-eltatawer.com/bh/electric-spray-painting-muharraq/,4,1,22828,20198,PUT
1466,electric-spray-painting-manama,https://rukn-eltatawer.com/bh/electric-spray-painting-manama/,4,1,23045,20369,PUT
1465,paint-removal-surface-prep-budaiya,https://rukn-eltatawer.com/bh/paint-removal-surface-prep-budaiya/,4,1,22304,19720,PUT
1464,paint-removal-surface-prep-sitra,https://rukn-eltatawer.com/bh/paint-removal-surface-prep-sitra/,5,1,23404,20133,PUT
1463,paint-removal-surface-prep-isa-town,https://rukn-eltatawer.com/bh/paint-removal-surface-prep-isa-town/,5,1,23927,20602,PUT
1462,paint-removal-surface-prep-aali,https://rukn-eltatawer.com/bh/paint-removal-surface-prep-aali/,4,1,22563,19925,PUT
1461,paint-removal-surface-prep-hamad-town,https://rukn-eltatawer.com/bh/paint-removal-surface-prep-hamad-town/,6,1,24096,20254,PUT
1460,paint-removal-surface-prep-riffa,https://rukn-eltatawer.com/bh/paint-removal-surface-prep-riffa/,4,1,23120,20422,PUT
1459,paint-removal-surface-prep-muharraq,https://rukn-eltatawer.com/bh/paint-removal-surface-prep-muharraq/,6,1,24076,20272,PUT
1458,paint-removal-surface-prep-manama,https://rukn-eltatawer.com/bh/paint-removal-surface-prep-manama/,6,1,24518,20812,PUT
1457,office-painting-budaiya,https://rukn-eltatawer.com/bh/office-painting-budaiya/,6,1,22913,19207,PUT
1456,office-painting-sitra,https://rukn-eltatawer.com/bh/office-painting-sitra/,5,1,23039,19788,PUT
1455,office-painting-isa-town,https://rukn-eltatawer.com/bh/office-painting-isa-town/,6,1,23705,20021,PUT
1454,office-painting-aali,https://rukn-eltatawer.com/bh/office-painting-aali/,4,1,22092,19454,PUT
1453,office-painting-hamad-town,https://rukn-eltatawer.com/bh/office-painting-hamad-town/,6,1,23669,19825,PUT
1452,office-painting-riffa,https://rukn-eltatawer.com/bh/office-painting-riffa/,4,1,22743,20045,PUT
1451,office-painting-muharraq,https://rukn-eltatawer.com/bh/office-painting-muharraq/,6,1,23547,19807,PUT
1450,office-painting-manama,https://rukn-eltatawer.com/bh/office-painting-manama/,4,1,23247,20571,PUT
1449,new-villa-finishing-painting-budaiya,https://rukn-eltatawer.com/bh/new-villa-finishing-painting-budaiya/,5,1,23165,19838,PUT
1448,new-villa-finishing-painting-sitra,https://rukn-eltatawer.com/bh/new-villa-finishing-painting-sitra/,6,1,23457,19797,PUT
1447,new-villa-finishing-painting-isa-town,https://rukn-eltatawer.com/bh/new-villa-finishing-painting-isa-town/,5,1,23560,20247,PUT
1446,new-villa-finishing-painting-aali,https://rukn-eltatawer.com/bh/new-villa-finishing-painting-aali/,6,1,22940,19238,PUT
1445,new-villa-finishing-painting-hamad-town,https://rukn-eltatawer.com/bh/new-villa-finishing-painting-hamad-town/,5,1,23802,20291,PUT
1444,new-villa-finishing-painting-riffa,https://rukn-eltatawer.com/bh/new-villa-finishing-painting-riffa/,5,1,23601,20266,PUT
1443,new-villa-finishing-painting-muharraq,https://rukn-eltatawer.com/bh/new-villa-finishing-painting-muharraq/,6,1,23721,19981,PUT
1442,new-villa-finishing-painting-manama,https://rukn-eltatawer.com/bh/new-villa-finishing-painting-manama/,5,1,24454,20943,PUT
1441,roof-insulation-painting-budaiya,https://rukn-eltatawer.com/bh/roof-insulation-painting-budaiya/,6,1,24549,20843,PUT
1440,roof-insulation-painting-sitra,https://rukn-eltatawer.com/bh/roof-insulation-painting-sitra/,6,1,24739,21007,PUT
1439,roof-insulation-painting-isa-town,https://rukn-eltatawer.com/bh/roof-insulation-painting-isa-town/,4,1,24281,21625,PUT
1438,roof-insulation-painting-aali,https://rukn-eltatawer.com/bh/roof-insulation-painting-aali/,5,1,24439,21134,PUT
1437,roof-insulation-painting-hamad-town,https://rukn-eltatawer.com/bh/roof-insulation-painting-hamad-town/,4,1,24384,21796,PUT
1436,roof-insulation-painting-riffa,https://rukn-eltatawer.com/bh/roof-insulation-painting-riffa/,5,1,25129,21808,PUT
1435,roof-insulation-painting-muharraq,https://rukn-eltatawer.com/bh/roof-insulation-painting-muharraq/,5,1,25316,21983,PUT
1434,roof-insulation-painting-manama,https://rukn-eltatawer.com/bh/roof-insulation-painting-manama/,5,1,25921,22266,PUT
1433,premium-paint-finishing-budaiya,https://rukn-eltatawer.com/bh/premium-paint-finishing-budaiya/,5,1,23009,19746,PUT
1432,premium-paint-finishing-sitra,https://rukn-eltatawer.com/bh/premium-paint-finishing-sitra/,5,1,23393,20048,PUT
1431,premium-paint-finishing-isa-town,https://rukn-eltatawer.com/bh/premium-paint-finishing-isa-town/,5,1,23705,20384,PUT
1430,premium-paint-finishing-aali,https://rukn-eltatawer.com/bh/premium-paint-finishing-aali/,6,1,23220,19492,PUT
1429,premium-paint-finishing-hamad-town,https://rukn-eltatawer.com/bh/premium-paint-finishing-hamad-town/,5,1,23784,20421,PUT
1428,premium-paint-finishing-riffa,https://rukn-eltatawer.com/bh/premium-paint-finishing-riffa/,4,1,23230,20532,PUT
1427,premium-paint-finishing-muharraq,https://rukn-eltatawer.com/bh/premium-paint-finishing-muharraq/,5,1,23700,20345,PUT
1426,premium-paint-finishing-manama,https://rukn-eltatawer.com/bh/premium-paint-finishing-manama/,4,1,23621,20945,PUT
1425,gypsum-board-decor-budaiya,https://rukn-eltatawer.com/bh/gypsum-board-decor-budaiya/,6,1,23139,19357,PUT
1424,gypsum-board-decor-sitra,https://rukn-eltatawer.com/bh/gypsum-board-decor-sitra/,4,1,22254,19608,PUT
1423,gypsum-board-decor-isa-town,https://rukn-eltatawer.com/bh/gypsum-board-decor-isa-town/,4,1,22908,20252,PUT
1422,gypsum-board-decor-aali,https://rukn-eltatawer.com/bh/gypsum-board-decor-aali/,4,1,22083,19445,PUT
1421,gypsum-board-decor-hamad-town,https://rukn-eltatawer.com/bh/gypsum-board-decor-hamad-town/,5,1,23302,19955,PUT
1420,gypsum-board-decor-riffa,https://rukn-eltatawer.com/bh/gypsum-board-decor-riffa/,6,1,23645,19937,PUT
1419,gypsum-board-decor-muharraq,https://rukn-eltatawer.com/bh/gypsum-board-decor-muharraq/,4,1,22668,20038,PUT
1418,gypsum-board-decor-manama,https://rukn-eltatawer.com/bh/gypsum-board-decor-manama/,6,1,24016,20310,PUT
1417,wallpaper-installation-budaiya,https://rukn-eltatawer.com/bh/wallpaper-installation-budaiya/,6,1,22980,19320,PUT
1416,wallpaper-installation-sitra,https://rukn-eltatawer.com/bh/wallpaper-installation-sitra/,6,1,22957,19253,PUT
1415,wallpaper-installation-isa-town,https://rukn-eltatawer.com/bh/wallpaper-installation-isa-town/,5,1,23509,20062,PUT
1414,wallpaper-installation-aali,https://rukn-eltatawer.com/bh/wallpaper-installation-aali/,5,1,22849,19544,PUT
1413,wallpaper-installation-hamad-town,https://rukn-eltatawer.com/bh/wallpaper-installation-hamad-town/,5,1,23574,20129,PUT
1412,wallpaper-installation-riffa,https://rukn-eltatawer.com/bh/wallpaper-installation-riffa/,6,1,23606,19898,PUT
1411,wallpaper-installation-muharraq,https://rukn-eltatawer.com/bh/wallpaper-installation-muharraq/,6,1,23651,19923,PUT
1410,wallpaper-installation-manama,https://rukn-eltatawer.com/bh/wallpaper-installation-manama/,6,1,23775,20045,PUT
1409,exterior-facade-painting-budaiya,https://rukn-eltatawer.com/bh/exterior-facade-painting-budaiya/,5,1,22898,19535,PUT
1408,exterior-facade-painting-sitra,https://rukn-eltatawer.com/bh/exterior-facade-painting-sitra/,5,1,23196,19871,PUT
1407,exterior-facade-painting-isa-town,https://rukn-eltatawer.com/bh/exterior-facade-painting-isa-town/,6,1,23530,19808,PUT
1406,exterior-facade-painting-aali,https://rukn-eltatawer.com/bh/exterior-facade-painting-aali/,6,1,23150,19494,PUT
1405,exterior-facade-painting-hamad-town,https://rukn-eltatawer.com/bh/exterior-facade-painting-hamad-town/,4,1,22717,20129,PUT
1404,exterior-facade-painting-riffa,https://rukn-eltatawer.com/bh/exterior-facade-painting-riffa/,4,1,22928,20230,PUT
1403,exterior-facade-painting-muharraq,https://rukn-eltatawer.com/bh/exterior-facade-painting-muharraq/,5,1,23782,20269,PUT
1402,exterior-facade-painting-manama,https://rukn-eltatawer.com/bh/exterior-facade-painting-manama/,6,1,24198,20390,PUT
1401,villa-painting-budaiya,https://rukn-eltatawer.com/bh/villa-painting-budaiya/,6,1,22775,19039,PUT
1400,villa-painting-sitra,https://rukn-eltatawer.com/bh/villa-painting-sitra/,5,1,22752,19391,PUT
1399,villa-painting-isa-town,https://rukn-eltatawer.com/bh/villa-painting-isa-town/,6,1,23247,19525,PUT
1398,villa-painting-aali,https://rukn-eltatawer.com/bh/villa-painting-aali/,5,1,22485,19204,PUT
1397,villa-painting-hamad-town,https://rukn-eltatawer.com/bh/villa-painting-hamad-town/,4,1,22155,19567,PUT
1396,villa-painting-riffa,https://rukn-eltatawer.com/bh/villa-painting-riffa/,6,1,23443,19735,PUT
1395,villa-painting-muharraq,https://rukn-eltatawer.com/bh/villa-painting-muharraq/,4,1,22579,19949,PUT
1394,villa-painting-manama,https://rukn-eltatawer.com/bh/villa-painting-manama/,4,1,23004,20328,PUT
1393,apartment-painting-budaiya,https://rukn-eltatawer.com/bh/apartment-painting-budaiya/,4,1,21730,19146,PUT
1392,apartment-painting-sitra,https://rukn-eltatawer.com/bh/apartment-painting-sitra/,6,1,22929,19197,PUT
1391,apartment-painting-isa-town,https://rukn-eltatawer.com/bh/apartment-painting-isa-town/,6,1,23232,19510,PUT
1390,apartment-painting-aali,https://rukn-eltatawer.com/bh/apartment-painting-aali/,5,1,22419,19188,PUT
1389,apartment-painting-hamad-town,https://rukn-eltatawer.com/bh/apartment-painting-hamad-town/,5,1,23055,19724,PUT
1388,apartment-painting-riffa,https://rukn-eltatawer.com/bh/apartment-painting-riffa/,5,1,23174,19869,PUT
1387,apartment-painting-muharraq,https://rukn-eltatawer.com/bh/apartment-painting-muharraq/,5,1,23394,19993,PUT
1386,apartment-painting-manama,https://rukn-eltatawer.com/bh/apartment-painting-manama/,5,1,23909,20266,PUT
1385,air-freight-budaiya,https://rukn-eltatawer.com/bh/air-freight-budaiya/,6,1,22512,18806,PUT
1384,air-freight-sitra,https://rukn-eltatawer.com/bh/air-freight-sitra/,4,1,21814,19168,PUT
1383,air-freight-isa-town,https://rukn-eltatawer.com/bh/air-freight-isa-town/,5,1,23181,19738,PUT
1382,air-freight-aali,https://rukn-eltatawer.com/bh/air-freight-aali/,6,1,22431,18729,PUT
1381,air-freight-hamad-town,https://rukn-eltatawer.com/bh/air-freight-hamad-town/,5,1,23113,19620,PUT
1380,air-freight-riffa,https://rukn-eltatawer.com/bh/air-freight-riffa/,4,1,22245,19547,PUT
1379,air-freight-muharraq,https://rukn-eltatawer.com/bh/air-freight-muharraq/,4,1,22209,19579,PUT
1378,air-freight-manama,https://rukn-eltatawer.com/bh/air-freight-manama/,6,1,23755,19947,PUT
1377,sea-freight-budaiya,https://rukn-eltatawer.com/bh/sea-freight-budaiya/,5,1,22451,19212,PUT
1376,sea-freight-sitra,https://rukn-eltatawer.com/bh/sea-freight-sitra/,4,1,22154,19508,PUT
1375,sea-freight-isa-town,https://rukn-eltatawer.com/bh/sea-freight-isa-town/,4,1,22498,19842,PUT
1374,sea-freight-aali,https://rukn-eltatawer.com/bh/sea-freight-aali/,4,1,21774,19136,PUT
1373,sea-freight-hamad-town,https://rukn-eltatawer.com/bh/sea-freight-hamad-town/,5,1,23233,19792,PUT
1372,sea-freight-riffa,https://rukn-eltatawer.com/bh/sea-freight-riffa/,5,1,23131,19812,PUT
1371,sea-freight-muharraq,https://rukn-eltatawer.com/bh/sea-freight-muharraq/,4,1,22492,19862,PUT
1370,sea-freight-manama,https://rukn-eltatawer.com/bh/sea-freight-manama/,5,1,23635,20230,PUT
1369,land-freight-budaiya,https://rukn-eltatawer.com/bh/land-freight-budaiya/,5,1,22411,19174,PUT
1368,land-freight-sitra,https://rukn-eltatawer.com/bh/land-freight-sitra/,6,1,22735,19031,PUT
1367,land-freight-isa-town,https://rukn-eltatawer.com/bh/land-freight-isa-town/,5,1,23040,19745,PUT
1366,land-freight-aali,https://rukn-eltatawer.com/bh/land-freight-aali/,5,1,22397,19158,PUT
1365,land-freight-hamad-town,https://rukn-eltatawer.com/bh/land-freight-hamad-town/,4,1,22235,19647,PUT
1364,land-freight-riffa,https://rukn-eltatawer.com/bh/land-freight-riffa/,6,1,23389,19681,PUT
1363,land-freight-muharraq,https://rukn-eltatawer.com/bh/land-freight-muharraq/,4,1,22515,19885,PUT
1362,land-freight-manama,https://rukn-eltatawer.com/bh/land-freight-manama/,4,1,22896,20220,PUT
1361,domestic-shipping-budaiya,https://rukn-eltatawer.com/bh/domestic-shipping-budaiya/,6,1,22754,19094,PUT
1360,domestic-shipping-sitra,https://rukn-eltatawer.com/bh/domestic-shipping-sitra/,4,1,21910,19264,PUT
1359,domestic-shipping-isa-town,https://rukn-eltatawer.com/bh/domestic-shipping-isa-town/,6,1,23399,19593,PUT
1358,domestic-shipping-aali,https://rukn-eltatawer.com/bh/domestic-shipping-aali/,5,1,22332,19089,PUT
1357,domestic-shipping-hamad-town,https://rukn-eltatawer.com/bh/domestic-shipping-hamad-town/,5,1,22958,19615,PUT
1356,domestic-shipping-riffa,https://rukn-eltatawer.com/bh/domestic-shipping-riffa/,5,1,23098,19777,PUT
1355,domestic-shipping-muharraq,https://rukn-eltatawer.com/bh/domestic-shipping-muharraq/,6,1,23474,19670,PUT
1354,domestic-shipping-manama,https://rukn-eltatawer.com/bh/domestic-shipping-manama/,5,1,23717,20312,PUT
1353,express-parcel-shipping-budaiya,https://rukn-eltatawer.com/bh/express-parcel-shipping-budaiya/,4,1,21766,19182,PUT
1352,express-parcel-shipping-sitra,https://rukn-eltatawer.com/bh/express-parcel-shipping-sitra/,4,1,22196,19550,PUT
1351,express-parcel-shipping-isa-town,https://rukn-eltatawer.com/bh/express-parcel-shipping-isa-town/,6,1,23406,19722,PUT
1350,express-parcel-shipping-aali,https://rukn-eltatawer.com/bh/express-parcel-shipping-aali/,5,1,22434,19191,PUT
1349,express-parcel-shipping-hamad-town,https://rukn-eltatawer.com/bh/express-parcel-shipping-hamad-town/,5,1,23316,19819,PUT
1348,express-parcel-shipping-riffa,https://rukn-eltatawer.com/bh/express-parcel-shipping-riffa/,5,1,23201,19884,PUT
1347,express-parcel-shipping-muharraq,https://rukn-eltatawer.com/bh/express-parcel-shipping-muharraq/,5,1,23253,19916,PUT
1346,express-parcel-shipping-manama,https://rukn-eltatawer.com/bh/express-parcel-shipping-manama/,4,1,23066,20390,PUT
1345,car-shipping-budaiya,https://rukn-eltatawer.com/bh/car-shipping-budaiya/,6,1,22571,18835,PUT
1344,car-shipping-sitra,https://rukn-eltatawer.com/bh/car-shipping-sitra/,6,1,22825,19049,PUT
1343,car-shipping-isa-town,https://rukn-eltatawer.com/bh/car-shipping-isa-town/,5,1,23066,19721,PUT
1342,car-shipping-aali,https://rukn-eltatawer.com/bh/car-shipping-aali/,4,1,21769,19131,PUT
1341,car-shipping-hamad-town,https://rukn-eltatawer.com/bh/car-shipping-hamad-town/,5,1,22973,19636,PUT
1340,car-shipping-riffa,https://rukn-eltatawer.com/bh/car-shipping-riffa/,6,1,23180,19374,PUT
1339,car-shipping-muharraq,https://rukn-eltatawer.com/bh/car-shipping-muharraq/,6,1,23330,19602,PUT
1338,car-shipping-manama,https://rukn-eltatawer.com/bh/car-shipping-manama/,5,1,23756,20109,PUT
1337,furniture-shipping-budaiya,https://rukn-eltatawer.com/bh/furniture-shipping-budaiya/,5,1,22346,19071,PUT
1336,furniture-shipping-sitra,https://rukn-eltatawer.com/bh/furniture-shipping-sitra/,6,1,22701,19041,PUT
1335,furniture-shipping-isa-town,https://rukn-eltatawer.com/bh/furniture-shipping-isa-town/,4,1,22067,19411,PUT
1334,furniture-shipping-aali,https://rukn-eltatawer.com/bh/furniture-shipping-aali/,4,1,21587,18949,PUT
1333,furniture-shipping-hamad-town,https://rukn-eltatawer.com/bh/furniture-shipping-hamad-town/,5,1,22891,19558,PUT
1332,furniture-shipping-riffa,https://rukn-eltatawer.com/bh/furniture-shipping-riffa/,6,1,23102,19394,PUT
1331,furniture-shipping-muharraq,https://rukn-eltatawer.com/bh/furniture-shipping-muharraq/,4,1,22064,19434,PUT
1330,furniture-shipping-manama,https://rukn-eltatawer.com/bh/furniture-shipping-manama/,5,1,23488,20095,PUT
1329,cargo-shipping-budaiya,https://rukn-eltatawer.com/bh/cargo-shipping-budaiya/,4,1,21379,18795,PUT
1328,cargo-shipping-sitra,https://rukn-eltatawer.com/bh/cargo-shipping-sitra/,4,1,21758,19112,PUT
1327,cargo-shipping-isa-town,https://rukn-eltatawer.com/bh/cargo-shipping-isa-town/,5,1,23030,19689,PUT
1326,cargo-shipping-aali,https://rukn-eltatawer.com/bh/cargo-shipping-aali/,4,1,21488,18850,PUT
1325,cargo-shipping-hamad-town,https://rukn-eltatawer.com/bh/cargo-shipping-hamad-town/,4,1,21910,19322,PUT
1324,cargo-shipping-riffa,https://rukn-eltatawer.com/bh/cargo-shipping-riffa/,5,1,23087,19708,PUT
1323,cargo-shipping-muharraq,https://rukn-eltatawer.com/bh/cargo-shipping-muharraq/,5,1,23265,19860,PUT
1322,cargo-shipping-manama,https://rukn-eltatawer.com/bh/cargo-shipping-manama/,5,1,23730,20085,PUT
1321,shipping-offices-budaiya,https://rukn-eltatawer.com/bh/shipping-offices-budaiya/,5,1,22361,19126,PUT
1320,shipping-offices-sitra,https://rukn-eltatawer.com/bh/shipping-offices-sitra/,4,1,21993,19347,PUT
1319,shipping-offices-isa-town,https://rukn-eltatawer.com/bh/shipping-offices-isa-town/,4,1,22373,19717,PUT
1318,shipping-offices-aali,https://rukn-eltatawer.com/bh/shipping-offices-aali/,4,1,21668,19030,PUT
1317,shipping-offices-hamad-town,https://rukn-eltatawer.com/bh/shipping-offices-hamad-town/,5,1,23115,19682,PUT
1316,shipping-offices-riffa,https://rukn-eltatawer.com/bh/shipping-offices-riffa/,5,1,23224,19837,PUT
1315,shipping-offices-muharraq,https://rukn-eltatawer.com/bh/shipping-offices-muharraq/,5,1,23299,19886,PUT
1314,shipping-offices-manama,https://rukn-eltatawer.com/bh/shipping-offices-manama/,4,1,22877,20201,PUT
1313,home-audio-tech-budaiya,https://rukn-eltatawer.com/bh/home-audio-tech-budaiya/,5,1,22801,19494,PUT
1312,home-audio-tech-sitra,https://rukn-eltatawer.com/bh/home-audio-tech-sitra/,6,1,23232,19572,PUT
1311,home-audio-tech-isa-town,https://rukn-eltatawer.com/bh/home-audio-tech-isa-town/,4,1,22681,20025,PUT
1310,home-audio-tech-aali,https://rukn-eltatawer.com/bh/home-audio-tech-aali/,5,1,22832,19457,PUT
1309,home-audio-tech-hamad-town,https://rukn-eltatawer.com/bh/home-audio-tech-hamad-town/,4,1,22486,19898,PUT
1308,home-audio-tech-riffa,https://rukn-eltatawer.com/bh/home-audio-tech-riffa/,4,1,22985,20287,PUT
1307,home-audio-tech-muharraq,https://rukn-eltatawer.com/bh/home-audio-tech-muharraq/,4,1,22642,20012,PUT
1306,home-audio-tech-manama,https://rukn-eltatawer.com/bh/home-audio-tech-manama/,5,1,24302,20643,PUT
1305,cctv-tech-budaiya,https://rukn-eltatawer.com/bh/cctv-tech-budaiya/,5,1,22876,19619,PUT
1304,cctv-tech-sitra,https://rukn-eltatawer.com/bh/cctv-tech-sitra/,4,1,22629,19983,PUT
1303,cctv-tech-isa-town,https://rukn-eltatawer.com/bh/cctv-tech-isa-town/,4,1,22808,20152,PUT
1302,cctv-tech-aali,https://rukn-eltatawer.com/bh/cctv-tech-aali/,6,1,23205,19431,PUT
1301,cctv-tech-hamad-town,https://rukn-eltatawer.com/bh/cctv-tech-hamad-town/,5,1,23631,20162,PUT
1300,cctv-tech-riffa,https://rukn-eltatawer.com/bh/cctv-tech-riffa/,5,1,23776,20353,PUT
1299,cctv-tech-muharraq,https://rukn-eltatawer.com/bh/cctv-tech-muharraq/,6,1,23637,19897,PUT
1298,cctv-tech-manama,https://rukn-eltatawer.com/bh/cctv-tech-manama/,5,1,24444,20777,PUT
1297,ac-tech-budaiya,https://rukn-eltatawer.com/bh/ac-tech-budaiya/,6,1,24826,21166,PUT
1296,ac-tech-sitra,https://rukn-eltatawer.com/bh/ac-tech-sitra/,5,1,24871,21546,PUT
1295,ac-tech-isa-town,https://rukn-eltatawer.com/bh/ac-tech-isa-town/,4,1,24499,21843,PUT
1294,ac-tech-aali,https://rukn-eltatawer.com/bh/ac-tech-aali/,6,1,24818,21162,PUT
1293,ac-tech-hamad-town,https://rukn-eltatawer.com/bh/ac-tech-hamad-town/,6,1,25210,21450,PUT
1292,ac-tech-riffa,https://rukn-eltatawer.com/bh/ac-tech-riffa/,5,1,25455,22040,PUT
1291,ac-tech-muharraq,https://rukn-eltatawer.com/bh/ac-tech-muharraq/,5,1,25408,22067,PUT
1290,ac-tech-manama,https://rukn-eltatawer.com/bh/ac-tech-manama/,6,1,26001,22193,PUT
1289,satellite-tech-budaiya,https://rukn-eltatawer.com/bh/satellite-tech-budaiya/,4,1,22022,19438,PUT
1288,satellite-tech-sitra,https://rukn-eltatawer.com/bh/satellite-tech-sitra/,6,1,23352,19576,PUT
1287,satellite-tech-isa-town,https://rukn-eltatawer.com/bh/satellite-tech-isa-town/,4,1,22759,20103,PUT
1286,satellite-tech-aali,https://rukn-eltatawer.com/bh/satellite-tech-aali/,4,1,22016,19378,PUT
1285,satellite-tech-hamad-town,https://rukn-eltatawer.com/bh/satellite-tech-hamad-town/,6,1,23681,19839,PUT
1284,satellite-tech-riffa,https://rukn-eltatawer.com/bh/satellite-tech-riffa/,5,1,23702,20287,PUT
1283,satellite-tech-muharraq,https://rukn-eltatawer.com/bh/satellite-tech-muharraq/,5,1,23792,20351,PUT
1282,satellite-tech-manama,https://rukn-eltatawer.com/bh/satellite-tech-manama/,4,1,23349,20673,PUT
1281,sat-dish-tech-budaiya,https://rukn-eltatawer.com/bh/sat-dish-tech-budaiya/,6,1,22764,19104,PUT
1280,sat-dish-tech-sitra,https://rukn-eltatawer.com/bh/sat-dish-tech-sitra/,4,1,21922,19276,PUT
1279,sat-dish-tech-isa-town,https://rukn-eltatawer.com/bh/sat-dish-tech-isa-town/,4,1,22605,19949,PUT
1278,sat-dish-tech-aali,https://rukn-eltatawer.com/bh/sat-dish-tech-aali/,4,1,21741,19103,PUT
1277,sat-dish-tech-hamad-town,https://rukn-eltatawer.com/bh/sat-dish-tech-hamad-town/,5,1,23132,19799,PUT
1276,sat-dish-tech-riffa,https://rukn-eltatawer.com/bh/sat-dish-tech-riffa/,6,1,23401,19693,PUT
1275,sat-dish-tech-muharraq,https://rukn-eltatawer.com/bh/sat-dish-tech-muharraq/,5,1,23217,19892,PUT
1274,sat-dish-tech-manama,https://rukn-eltatawer.com/bh/sat-dish-tech-manama/,4,1,22840,20164,PUT
1273,gypsum-tech-budaiya,https://rukn-eltatawer.com/bh/gypsum-tech-budaiya/,5,1,22443,19210,PUT
1272,gypsum-tech-sitra,https://rukn-eltatawer.com/bh/gypsum-tech-sitra/,5,1,22552,19311,PUT
1271,gypsum-tech-isa-town,https://rukn-eltatawer.com/bh/gypsum-tech-isa-town/,5,1,23254,19819,PUT
1270,gypsum-tech-aali,https://rukn-eltatawer.com/bh/gypsum-tech-aali/,5,1,22509,19228,PUT
1269,gypsum-tech-hamad-town,https://rukn-eltatawer.com/bh/gypsum-tech-hamad-town/,6,1,23407,19645,PUT
1268,gypsum-tech-riffa,https://rukn-eltatawer.com/bh/gypsum-tech-riffa/,4,1,22605,19907,PUT
1267,gypsum-tech-muharraq,https://rukn-eltatawer.com/bh/gypsum-tech-muharraq/,4,1,22373,19743,PUT
1266,gypsum-tech-manama,https://rukn-eltatawer.com/bh/gypsum-tech-manama/,4,1,22905,20229,PUT
1265,painter-budaiya,https://rukn-eltatawer.com/bh/painter-budaiya/,4,1,21285,18701,PUT
1264,painter-sitra,https://rukn-eltatawer.com/bh/painter-sitra/,6,1,22657,18881,PUT
1263,painter-isa-town,https://rukn-eltatawer.com/bh/painter-isa-town/,4,1,22109,19453,PUT
1262,painter-aali,https://rukn-eltatawer.com/bh/painter-aali/,6,1,22472,18698,PUT
1261,painter-hamad-town,https://rukn-eltatawer.com/bh/painter-hamad-town/,4,1,21619,19031,PUT
1260,painter-riffa,https://rukn-eltatawer.com/bh/painter-riffa/,4,1,22127,19429,PUT
1259,painter-muharraq,https://rukn-eltatawer.com/bh/painter-muharraq/,5,1,23050,19551,PUT
1258,painter-manama,https://rukn-eltatawer.com/bh/painter-manama/,6,1,23548,19740,PUT
1257,blacksmith-doors-windows-budaiya,https://rukn-eltatawer.com/bh/blacksmith-doors-windows-budaiya/,5,1,22179,18928,PUT
1256,blacksmith-doors-windows-sitra,https://rukn-eltatawer.com/bh/blacksmith-doors-windows-sitra/,5,1,22610,19231,PUT
1255,blacksmith-doors-windows-isa-town,https://rukn-eltatawer.com/bh/blacksmith-doors-windows-isa-town/,6,1,21545,17861,PUT
1254,blacksmith-doors-windows-aali,https://rukn-eltatawer.com/bh/blacksmith-doors-windows-aali/,6,1,22373,18671,PUT
1253,blacksmith-doors-windows-hamad-town,https://rukn-eltatawer.com/bh/blacksmith-doors-windows-hamad-town/,5,1,22994,19643,PUT
1252,blacksmith-doors-windows-riffa,https://rukn-eltatawer.com/bh/blacksmith-doors-windows-riffa/,6,1,21645,17839,PUT
1251,blacksmith-doors-windows-muharraq,https://rukn-eltatawer.com/bh/blacksmith-doors-windows-muharraq/,4,1,22169,19539,PUT
1250,blacksmith-doors-windows-manama,https://rukn-eltatawer.com/bh/blacksmith-doors-windows-manama/,5,1,23520,20107,PUT
1249,carpenter-budaiya,https://rukn-eltatawer.com/bh/carpenter-budaiya/,6,1,21488,17706,PUT
1248,carpenter-sitra,https://rukn-eltatawer.com/bh/carpenter-sitra/,5,1,21852,18609,PUT
1247,carpenter-isa-town,https://rukn-eltatawer.com/bh/carpenter-isa-town/,6,1,22663,18979,PUT
1246,carpenter-aali,https://rukn-eltatawer.com/bh/carpenter-aali/,5,1,21855,18570,PUT
1245,carpenter-hamad-town,https://rukn-eltatawer.com/bh/carpenter-hamad-town/,4,1,21441,18853,PUT
1244,carpenter-riffa,https://rukn-eltatawer.com/bh/carpenter-riffa/,4,1,21815,19117,PUT
1243,carpenter-muharraq,https://rukn-eltatawer.com/bh/carpenter-muharraq/,6,1,22543,18803,PUT
1242,carpenter-manama,https://rukn-eltatawer.com/bh/carpenter-manama/,4,1,20920,18244,PUT
1241,home-electrician-budaiya,https://rukn-eltatawer.com/bh/home-electrician-budaiya/,6,1,22613,18831,PUT
1240,home-electrician-sitra,https://rukn-eltatawer.com/bh/home-electrician-sitra/,4,1,21793,19147,PUT
1239,home-electrician-isa-town,https://rukn-eltatawer.com/bh/home-electrician-isa-town/,5,1,22968,19523,PUT
1238,home-electrician-aali,https://rukn-eltatawer.com/bh/home-electrician-aali/,6,1,22580,18806,PUT
1237,home-electrician-hamad-town,https://rukn-eltatawer.com/bh/home-electrician-hamad-town/,5,1,22911,19568,PUT
1236,home-electrician-riffa,https://rukn-eltatawer.com/bh/home-electrician-riffa/,5,1,23104,19709,PUT
1235,home-electrician-muharraq,https://rukn-eltatawer.com/bh/home-electrician-muharraq/,5,1,23146,19643,PUT
1234,home-electrician-manama,https://rukn-eltatawer.com/bh/home-electrician-manama/,5,1,23716,20237,PUT
1233,home-plumber-budaiya,https://rukn-eltatawer.com/bh/home-plumber-budaiya/,4,1,22304,19720,PUT
1232,home-plumber-sitra,https://rukn-eltatawer.com/bh/home-plumber-sitra/,4,1,22678,20032,PUT
1231,home-plumber-isa-town,https://rukn-eltatawer.com/bh/home-plumber-isa-town/,4,1,23280,20624,PUT
1230,home-plumber-aali,https://rukn-eltatawer.com/bh/home-plumber-aali/,5,1,23271,19982,PUT
1229,home-plumber-hamad-town,https://rukn-eltatawer.com/bh/home-plumber-hamad-town/,4,1,22748,20160,PUT
1228,home-plumber-riffa,https://rukn-eltatawer.com/bh/home-plumber-riffa/,5,1,24016,20633,PUT
1227,home-plumber-muharraq,https://rukn-eltatawer.com/bh/home-plumber-muharraq/,4,1,23272,20642,PUT
1226,home-plumber-manama,https://rukn-eltatawer.com/bh/home-plumber-manama/,4,1,23378,20702,PUT
1225,ozone-disinfection-budaiya,https://rukn-eltatawer.com/bh/ozone-disinfection-budaiya/,5,1,24764,21457,PUT
1224,ozone-disinfection-sitra,https://rukn-eltatawer.com/bh/ozone-disinfection-sitra/,6,1,25103,21443,PUT
1223,ozone-disinfection-isa-town,https://rukn-eltatawer.com/bh/ozone-disinfection-isa-town/,6,1,25691,21885,PUT
1222,ozone-disinfection-aali,https://rukn-eltatawer.com/bh/ozone-disinfection-aali/,5,1,24603,21348,PUT
1221,ozone-disinfection-hamad-town,https://rukn-eltatawer.com/bh/ozone-disinfection-hamad-town/,5,1,25295,21948,PUT
1220,ozone-disinfection-riffa,https://rukn-eltatawer.com/bh/ozone-disinfection-riffa/,4,1,24662,21964,PUT
1219,ozone-disinfection-muharraq,https://rukn-eltatawer.com/bh/ozone-disinfection-muharraq/,4,1,24787,22157,PUT
1218,ozone-disinfection-manama,https://rukn-eltatawer.com/bh/ozone-disinfection-manama/,4,1,25094,22418,PUT
1217,chlorine-disinfection-budaiya,https://rukn-eltatawer.com/bh/chlorine-disinfection-budaiya/,4,1,23713,21129,PUT
1216,chlorine-disinfection-sitra,https://rukn-eltatawer.com/bh/chlorine-disinfection-sitra/,5,1,24801,21554,PUT
1215,chlorine-disinfection-isa-town,https://rukn-eltatawer.com/bh/chlorine-disinfection-isa-town/,5,1,25409,22104,PUT
1214,chlorine-disinfection-aali,https://rukn-eltatawer.com/bh/chlorine-disinfection-aali/,6,1,24807,21079,PUT
1213,chlorine-disinfection-hamad-town,https://rukn-eltatawer.com/bh/chlorine-disinfection-hamad-town/,5,1,25346,21999,PUT
1212,chlorine-disinfection-riffa,https://rukn-eltatawer.com/bh/chlorine-disinfection-riffa/,6,1,25579,21871,PUT
1211,chlorine-disinfection-muharraq,https://rukn-eltatawer.com/bh/chlorine-disinfection-muharraq/,6,1,25720,21992,PUT
1210,chlorine-disinfection-manama,https://rukn-eltatawer.com/bh/chlorine-disinfection-manama/,5,1,25847,22438,PUT
1209,steam-disinfection-budaiya,https://rukn-eltatawer.com/bh/steam-disinfection-budaiya/,6,1,24917,21257,PUT
1208,steam-disinfection-sitra,https://rukn-eltatawer.com/bh/steam-disinfection-sitra/,6,1,25103,21443,PUT
1207,steam-disinfection-isa-town,https://rukn-eltatawer.com/bh/steam-disinfection-isa-town/,4,1,24477,21821,PUT
1206,steam-disinfection-aali,https://rukn-eltatawer.com/bh/steam-disinfection-aali/,4,1,24150,21512,PUT
1205,steam-disinfection-hamad-town,https://rukn-eltatawer.com/bh/steam-disinfection-hamad-town/,6,1,25509,21665,PUT
1204,steam-disinfection-riffa,https://rukn-eltatawer.com/bh/steam-disinfection-riffa/,6,1,25495,21711,PUT
1203,steam-disinfection-muharraq,https://rukn-eltatawer.com/bh/steam-disinfection-muharraq/,5,1,25629,22122,PUT
1202,steam-disinfection-manama,https://rukn-eltatawer.com/bh/steam-disinfection-manama/,6,1,26049,22241,PUT
1201,bird-sound-device-budaiya,https://rukn-eltatawer.com/bh/bird-sound-device-budaiya/,6,1,23595,19813,PUT
1200,bird-sound-device-sitra,https://rukn-eltatawer.com/bh/bird-sound-device-sitra/,4,1,22724,20078,PUT
1199,bird-sound-device-isa-town,https://rukn-eltatawer.com/bh/bird-sound-device-isa-town/,6,1,24156,20472,PUT
1198,bird-sound-device-aali,https://rukn-eltatawer.com/bh/bird-sound-device-aali/,6,1,23258,19556,PUT
1197,bird-sound-device-hamad-town,https://rukn-eltatawer.com/bh/bird-sound-device-hamad-town/,6,1,24204,20362,PUT
1196,bird-sound-device-riffa,https://rukn-eltatawer.com/bh/bird-sound-device-riffa/,4,1,23572,20874,PUT
1195,bird-sound-device-muharraq,https://rukn-eltatawer.com/bh/bird-sound-device-muharraq/,5,1,24375,20890,PUT
1194,bird-sound-device-manama,https://rukn-eltatawer.com/bh/bird-sound-device-manama/,5,1,24807,21122,PUT
1193,pigeon-spikes-installation-budaiya,https://rukn-eltatawer.com/bh/pigeon-spikes-installation-budaiya/,6,1,24717,21057,PUT
1192,pigeon-spikes-installation-sitra,https://rukn-eltatawer.com/bh/pigeon-spikes-installation-sitra/,4,1,23855,21209,PUT
1191,pigeon-spikes-installation-isa-town,https://rukn-eltatawer.com/bh/pigeon-spikes-installation-isa-town/,4,1,24258,21602,PUT
1190,pigeon-spikes-installation-aali,https://rukn-eltatawer.com/bh/pigeon-spikes-installation-aali/,4,1,23730,21092,PUT
1189,pigeon-spikes-installation-hamad-town,https://rukn-eltatawer.com/bh/pigeon-spikes-installation-hamad-town/,6,1,25410,21648,PUT
1188,pigeon-spikes-installation-riffa,https://rukn-eltatawer.com/bh/pigeon-spikes-installation-riffa/,5,1,25384,21941,PUT
1187,pigeon-spikes-installation-muharraq,https://rukn-eltatawer.com/bh/pigeon-spikes-installation-muharraq/,5,1,25500,22031,PUT
1186,pigeon-spikes-installation-manama,https://rukn-eltatawer.com/bh/pigeon-spikes-installation-manama/,4,1,25047,22371,PUT
1185,pigeon-net-installation-budaiya,https://rukn-eltatawer.com/bh/pigeon-net-installation-budaiya/,4,1,23707,21123,PUT
1184,pigeon-net-installation-sitra,https://rukn-eltatawer.com/bh/pigeon-net-installation-sitra/,5,1,24663,21326,PUT
1183,pigeon-net-installation-isa-town,https://rukn-eltatawer.com/bh/pigeon-net-installation-isa-town/,4,1,24199,21543,PUT
1182,pigeon-net-installation-aali,https://rukn-eltatawer.com/bh/pigeon-net-installation-aali/,5,1,24388,21055,PUT
1181,pigeon-net-installation-hamad-town,https://rukn-eltatawer.com/bh/pigeon-net-installation-hamad-town/,4,1,24219,21631,PUT
1180,pigeon-net-installation-riffa,https://rukn-eltatawer.com/bh/pigeon-net-installation-riffa/,5,1,25098,21767,PUT
1179,pigeon-net-installation-muharraq,https://rukn-eltatawer.com/bh/pigeon-net-installation-muharraq/,6,1,25168,21364,PUT
1178,pigeon-net-installation-manama,https://rukn-eltatawer.com/bh/pigeon-net-installation-manama/,4,1,24612,21936,PUT
1177,mosquito-fly-control-budaiya,https://rukn-eltatawer.com/bh/mosquito-fly-control-budaiya/,4,1,23401,20817,PUT
1176,mosquito-fly-control-sitra,https://rukn-eltatawer.com/bh/mosquito-fly-control-sitra/,6,1,24709,20977,PUT
1175,mosquito-fly-control-isa-town,https://rukn-eltatawer.com/bh/mosquito-fly-control-isa-town/,6,1,24951,21229,PUT
1174,mosquito-fly-control-aali,https://rukn-eltatawer.com/bh/mosquito-fly-control-aali/,6,1,24327,20625,PUT
1173,mosquito-fly-control-hamad-town,https://rukn-eltatawer.com/bh/mosquito-fly-control-hamad-town/,5,1,24874,21517,PUT
1172,mosquito-fly-control-riffa,https://rukn-eltatawer.com/bh/mosquito-fly-control-riffa/,6,1,25185,21477,PUT
1171,mosquito-fly-control-muharraq,https://rukn-eltatawer.com/bh/mosquito-fly-control-muharraq/,6,1,25309,21493,PUT
1170,mosquito-fly-control-manama,https://rukn-eltatawer.com/bh/mosquito-fly-control-manama/,5,1,25787,22118,PUT
1169,bird-control-budaiya,https://rukn-eltatawer.com/bh/bird-control-budaiya/,5,1,24012,20717,PUT
1168,bird-control-sitra,https://rukn-eltatawer.com/bh/bird-control-sitra/,4,1,23475,20829,PUT
1167,bird-control-isa-town,https://rukn-eltatawer.com/bh/bird-control-isa-town/,5,1,24740,21383,PUT
1166,bird-control-aali,https://rukn-eltatawer.com/bh/bird-control-aali/,5,1,24052,20683,PUT
1165,bird-control-hamad-town,https://rukn-eltatawer.com/bh/bird-control-hamad-town/,5,1,24775,21334,PUT
1164,bird-control-riffa,https://rukn-eltatawer.com/bh/bird-control-riffa/,4,1,24248,21550,PUT
1163,bird-control-muharraq,https://rukn-eltatawer.com/bh/bird-control-muharraq/,5,1,24926,21423,PUT
1162,bird-control-manama,https://rukn-eltatawer.com/bh/bird-control-manama/,6,1,25237,21453,PUT
1161,lizard-control-budaiya,https://rukn-eltatawer.com/bh/lizard-control-budaiya/,5,1,24371,21048,PUT
1160,lizard-control-sitra,https://rukn-eltatawer.com/bh/lizard-control-sitra/,4,1,24018,21372,PUT
1159,lizard-control-isa-town,https://rukn-eltatawer.com/bh/lizard-control-isa-town/,4,1,24344,21688,PUT
1158,lizard-control-aali,https://rukn-eltatawer.com/bh/lizard-control-aali/,5,1,24369,20986,PUT
1157,lizard-control-hamad-town,https://rukn-eltatawer.com/bh/lizard-control-hamad-town/,4,1,23885,21297,PUT
1156,lizard-control-riffa,https://rukn-eltatawer.com/bh/lizard-control-riffa/,6,1,25161,21355,PUT
1155,lizard-control-muharraq,https://rukn-eltatawer.com/bh/lizard-control-muharraq/,5,1,25120,21603,PUT
1154,lizard-control-manama,https://rukn-eltatawer.com/bh/lizard-control-manama/,5,1,25511,22092,PUT
1153,flea-control-budaiya,https://rukn-eltatawer.com/bh/flea-control-budaiya/,5,1,23989,20746,PUT
1152,flea-control-sitra,https://rukn-eltatawer.com/bh/flea-control-sitra/,5,1,24261,21014,PUT
1151,flea-control-isa-town,https://rukn-eltatawer.com/bh/flea-control-isa-town/,5,1,24822,21373,PUT
1150,flea-control-aali,https://rukn-eltatawer.com/bh/flea-control-aali/,5,1,24108,20799,PUT
1149,flea-control-hamad-town,https://rukn-eltatawer.com/bh/flea-control-hamad-town/,4,1,23741,21153,PUT
1148,flea-control-riffa,https://rukn-eltatawer.com/bh/flea-control-riffa/,5,1,24707,21384,PUT
1147,flea-control-muharraq,https://rukn-eltatawer.com/bh/flea-control-muharraq/,6,1,25080,21352,PUT
1146,flea-control-manama,https://rukn-eltatawer.com/bh/flea-control-manama/,4,1,24254,21578,PUT
1145,scorpion-control-budaiya,https://rukn-eltatawer.com/bh/scorpion-control-budaiya/,4,1,23204,20620,PUT
1144,scorpion-control-sitra,https://rukn-eltatawer.com/bh/scorpion-control-sitra/,4,1,23473,20827,PUT
1143,scorpion-control-isa-town,https://rukn-eltatawer.com/bh/scorpion-control-isa-town/,6,1,24831,21063,PUT
1142,scorpion-control-aali,https://rukn-eltatawer.com/bh/scorpion-control-aali/,6,1,24297,20641,PUT
1141,scorpion-control-hamad-town,https://rukn-eltatawer.com/bh/scorpion-control-hamad-town/,4,1,23604,21016,PUT
1140,scorpion-control-riffa,https://rukn-eltatawer.com/bh/scorpion-control-riffa/,5,1,24827,21428,PUT
1139,scorpion-control-muharraq,https://rukn-eltatawer.com/bh/scorpion-control-muharraq/,4,1,23879,21249,PUT
1138,scorpion-control-manama,https://rukn-eltatawer.com/bh/scorpion-control-manama/,4,1,24478,21802,PUT
1137,snake-control-budaiya,https://rukn-eltatawer.com/bh/snake-control-budaiya/,5,1,24047,20748,PUT
1136,snake-control-sitra,https://rukn-eltatawer.com/bh/snake-control-sitra/,4,1,23457,20811,PUT
1135,snake-control-isa-town,https://rukn-eltatawer.com/bh/snake-control-isa-town/,5,1,24640,21341,PUT
1134,snake-control-aali,https://rukn-eltatawer.com/bh/snake-control-aali/,4,1,23281,20643,PUT
1133,snake-control-hamad-town,https://rukn-eltatawer.com/bh/snake-control-hamad-town/,4,1,23811,21223,PUT
1132,snake-control-riffa,https://rukn-eltatawer.com/bh/snake-control-riffa/,6,1,24697,20967,PUT
1131,snake-control-muharraq,https://rukn-eltatawer.com/bh/snake-control-muharraq/,4,1,23984,21354,PUT
1130,snake-control-manama,https://rukn-eltatawer.com/bh/snake-control-manama/,6,1,25339,21531,PUT
1129,rodent-control-budaiya,https://rukn-eltatawer.com/bh/rodent-control-budaiya/,5,1,24487,21152,PUT
1128,rodent-control-sitra,https://rukn-eltatawer.com/bh/rodent-control-sitra/,5,1,24485,21214,PUT
1127,rodent-control-isa-town,https://rukn-eltatawer.com/bh/rodent-control-isa-town/,4,1,24275,21619,PUT
1126,rodent-control-aali,https://rukn-eltatawer.com/bh/rodent-control-aali/,6,1,24446,20744,PUT
1125,rodent-control-hamad-town,https://rukn-eltatawer.com/bh/rodent-control-hamad-town/,6,1,25323,21481,PUT
1124,rodent-control-riffa,https://rukn-eltatawer.com/bh/rodent-control-riffa/,5,1,25091,21756,PUT
1123,rodent-control-muharraq,https://rukn-eltatawer.com/bh/rodent-control-muharraq/,6,1,25110,21370,PUT
1122,rodent-control-manama,https://rukn-eltatawer.com/bh/rodent-control-manama/,5,1,25706,22283,PUT
1121,bed-bug-control-budaiya,https://rukn-eltatawer.com/bh/bed-bug-control-budaiya/,4,1,23219,20635,PUT
1120,bed-bug-control-sitra,https://rukn-eltatawer.com/bh/bed-bug-control-sitra/,4,1,23573,20927,PUT
1119,bed-bug-control-isa-town,https://rukn-eltatawer.com/bh/bed-bug-control-isa-town/,6,1,25035,21229,PUT
1118,bed-bug-control-aali,https://rukn-eltatawer.com/bh/bed-bug-control-aali/,6,1,24362,20706,PUT
1117,bed-bug-control-hamad-town,https://rukn-eltatawer.com/bh/bed-bug-control-hamad-town/,5,1,24772,21423,PUT
1116,bed-bug-control-riffa,https://rukn-eltatawer.com/bh/bed-bug-control-riffa/,5,1,24756,21431,PUT
1115,bed-bug-control-muharraq,https://rukn-eltatawer.com/bh/bed-bug-control-muharraq/,6,1,25061,21257,PUT
1114,bed-bug-control-manama,https://rukn-eltatawer.com/bh/bed-bug-control-manama/,4,1,24360,21684,PUT
1113,cockroach-control-budaiya,https://rukn-eltatawer.com/bh/cockroach-control-budaiya/,5,1,24065,20762,PUT
1112,cockroach-control-sitra,https://rukn-eltatawer.com/bh/cockroach-control-sitra/,4,1,23650,21004,PUT
1111,cockroach-control-isa-town,https://rukn-eltatawer.com/bh/cockroach-control-isa-town/,6,1,24883,21115,PUT
1110,cockroach-control-aali,https://rukn-eltatawer.com/bh/cockroach-control-aali/,4,1,23324,20686,PUT
1109,cockroach-control-hamad-town,https://rukn-eltatawer.com/bh/cockroach-control-hamad-town/,6,1,25041,21279,PUT
1108,cockroach-control-riffa,https://rukn-eltatawer.com/bh/cockroach-control-riffa/,6,1,24742,21012,PUT
1107,cockroach-control-muharraq,https://rukn-eltatawer.com/bh/cockroach-control-muharraq/,4,1,24054,21424,PUT
1106,cockroach-control-manama,https://rukn-eltatawer.com/bh/cockroach-control-manama/,5,1,25569,21912,PUT
1105,ant-control-budaiya,https://rukn-eltatawer.com/bh/ant-control-budaiya/,6,1,24774,21114,PUT
1104,ant-control-sitra,https://rukn-eltatawer.com/bh/ant-control-sitra/,4,1,24036,21390,PUT
1103,ant-control-isa-town,https://rukn-eltatawer.com/bh/ant-control-isa-town/,6,1,25416,21648,PUT
1102,ant-control-aali,https://rukn-eltatawer.com/bh/ant-control-aali/,4,1,23805,21167,PUT
1101,ant-control-hamad-town,https://rukn-eltatawer.com/bh/ant-control-hamad-town/,5,1,25371,21848,PUT
1100,ant-control-riffa,https://rukn-eltatawer.com/bh/ant-control-riffa/,5,1,25314,21971,PUT
1099,ant-control-muharraq,https://rukn-eltatawer.com/bh/ant-control-muharraq/,6,1,25540,21724,PUT
1098,ant-control-manama,https://rukn-eltatawer.com/bh/ant-control-manama/,4,1,24940,22264,PUT
1097,termite-control-budaiya,https://rukn-eltatawer.com/bh/termite-control-budaiya/,5,1,24672,21321,PUT
1096,termite-control-sitra,https://rukn-eltatawer.com/bh/termite-control-sitra/,4,1,24063,21417,PUT
1095,termite-control-isa-town,https://rukn-eltatawer.com/bh/termite-control-isa-town/,4,1,24405,21749,PUT
1094,termite-control-aali,https://rukn-eltatawer.com/bh/termite-control-aali/,6,1,24567,20865,PUT
1093,termite-control-hamad-town,https://rukn-eltatawer.com/bh/termite-control-hamad-town/,4,1,24179,21591,PUT
1092,termite-control-riffa,https://rukn-eltatawer.com/bh/termite-control-riffa/,5,1,25250,21903,PUT
1091,termite-control-muharraq,https://rukn-eltatawer.com/bh/termite-control-muharraq/,4,1,24341,21711,PUT
1090,termite-control-manama,https://rukn-eltatawer.com/bh/termite-control-manama/,4,1,24943,22267,PUT
1089,flying-pest-control-budaiya,https://rukn-eltatawer.com/bh/flying-pest-control-budaiya/,4,1,23460,20876,PUT
1088,flying-pest-control-sitra,https://rukn-eltatawer.com/bh/flying-pest-control-sitra/,5,1,24544,21283,PUT
1087,flying-pest-control-isa-town,https://rukn-eltatawer.com/bh/flying-pest-control-isa-town/,5,1,25183,21720,PUT
1086,flying-pest-control-aali,https://rukn-eltatawer.com/bh/flying-pest-control-aali/,4,1,23649,21011,PUT
1085,flying-pest-control-hamad-town,https://rukn-eltatawer.com/bh/flying-pest-control-hamad-town/,6,1,25170,21326,PUT
1084,flying-pest-control-riffa,https://rukn-eltatawer.com/bh/flying-pest-control-riffa/,5,1,24990,21657,PUT
1083,flying-pest-control-muharraq,https://rukn-eltatawer.com/bh/flying-pest-control-muharraq/,6,1,25210,21406,PUT
1082,flying-pest-control-manama,https://rukn-eltatawer.com/bh/flying-pest-control-manama/,4,1,24661,21985,PUT
1081,crawling-pest-control-budaiya,https://rukn-eltatawer.com/bh/crawling-pest-control-budaiya/,5,1,24221,20960,PUT
1080,crawling-pest-control-sitra,https://rukn-eltatawer.com/bh/crawling-pest-control-sitra/,6,1,24807,21031,PUT
1079,crawling-pest-control-isa-town,https://rukn-eltatawer.com/bh/crawling-pest-control-isa-town/,4,1,24407,21751,PUT
1078,crawling-pest-control-aali,https://rukn-eltatawer.com/bh/crawling-pest-control-aali/,6,1,24630,20856,PUT
1077,crawling-pest-control-hamad-town,https://rukn-eltatawer.com/bh/crawling-pest-control-hamad-town/,4,1,24090,21502,PUT
1076,crawling-pest-control-riffa,https://rukn-eltatawer.com/bh/crawling-pest-control-riffa/,5,1,24929,21592,PUT
1075,crawling-pest-control-muharraq,https://rukn-eltatawer.com/bh/crawling-pest-control-muharraq/,5,1,25145,21796,PUT
1074,crawling-pest-control-manama,https://rukn-eltatawer.com/bh/crawling-pest-control-manama/,4,1,24582,21906,PUT
1073,solar-ac-installation-budaiya,https://rukn-eltatawer.com/bh/solar-ac-installation-budaiya/,4,1,24119,21535,PUT
1072,solar-ac-installation-sitra,https://rukn-eltatawer.com/bh/solar-ac-installation-sitra/,5,1,25328,21963,PUT
1071,solar-ac-installation-isa-town,https://rukn-eltatawer.com/bh/solar-ac-installation-isa-town/,6,1,25947,22141,PUT
1070,solar-ac-installation-aali,https://rukn-eltatawer.com/bh/solar-ac-installation-aali/,4,1,24200,21562,PUT
1069,solar-ac-installation-hamad-town,https://rukn-eltatawer.com/bh/solar-ac-installation-hamad-town/,5,1,25755,22382,PUT
1068,solar-ac-installation-riffa,https://rukn-eltatawer.com/bh/solar-ac-installation-riffa/,6,1,25891,22085,PUT
1067,solar-ac-installation-muharraq,https://rukn-eltatawer.com/bh/solar-ac-installation-muharraq/,5,1,25761,22396,PUT
1066,solar-ac-installation-manama,https://rukn-eltatawer.com/bh/solar-ac-installation-manama/,6,1,26459,22651,PUT
1065,solar-water-heaters-budaiya,https://rukn-eltatawer.com/bh/solar-water-heaters-budaiya/,6,1,24533,20751,PUT
1064,solar-water-heaters-sitra,https://rukn-eltatawer.com/bh/solar-water-heaters-sitra/,4,1,23898,21252,PUT
1063,solar-water-heaters-isa-town,https://rukn-eltatawer.com/bh/solar-water-heaters-isa-town/,5,1,24976,21655,PUT
1062,solar-water-heaters-aali,https://rukn-eltatawer.com/bh/solar-water-heaters-aali/,6,1,24449,20793,PUT
1061,solar-water-heaters-hamad-town,https://rukn-eltatawer.com/bh/solar-water-heaters-hamad-town/,4,1,23805,21217,PUT
1060,solar-water-heaters-riffa,https://rukn-eltatawer.com/bh/solar-water-heaters-riffa/,4,1,24266,21568,PUT
1059,solar-water-heaters-muharraq,https://rukn-eltatawer.com/bh/solar-water-heaters-muharraq/,4,1,24114,21484,PUT
1058,solar-water-heaters-manama,https://rukn-eltatawer.com/bh/solar-water-heaters-manama/,6,1,25176,21446,PUT
1057,solar-systems-installation-budaiya,https://rukn-eltatawer.com/bh/solar-systems-installation-budaiya/,5,1,22762,19501,PUT
1056,solar-systems-installation-sitra,https://rukn-eltatawer.com/bh/solar-systems-installation-sitra/,6,1,23273,19541,PUT
1055,solar-systems-installation-isa-town,https://rukn-eltatawer.com/bh/solar-systems-installation-isa-town/,6,1,23713,19945,PUT
1054,solar-systems-installation-aali,https://rukn-eltatawer.com/bh/solar-systems-installation-aali/,4,1,22033,19395,PUT
1053,solar-systems-installation-hamad-town,https://rukn-eltatawer.com/bh/solar-systems-installation-hamad-town/,4,1,22579,19991,PUT
1052,solar-systems-installation-riffa,https://rukn-eltatawer.com/bh/solar-systems-installation-riffa/,6,1,23737,19931,PUT
1051,solar-systems-installation-muharraq,https://rukn-eltatawer.com/bh/solar-systems-installation-muharraq/,5,1,23672,20323,PUT
1050,solar-systems-installation-manama,https://rukn-eltatawer.com/bh/solar-systems-installation-manama/,5,1,24183,20762,PUT
1049,furniture-storage-budaiya,https://rukn-eltatawer.com/bh/furniture-storage-budaiya/,4,1,21711,19127,PUT
1048,furniture-storage-sitra,https://rukn-eltatawer.com/bh/furniture-storage-sitra/,6,1,22590,18886,PUT
1047,furniture-storage-isa-town,https://rukn-eltatawer.com/bh/furniture-storage-isa-town/,4,1,22216,19560,PUT
1046,furniture-storage-aali,https://rukn-eltatawer.com/bh/furniture-storage-aali/,5,1,22339,19050,PUT
1045,furniture-storage-hamad-town,https://rukn-eltatawer.com/bh/furniture-storage-hamad-town/,4,1,22041,19453,PUT
1044,furniture-storage-riffa,https://rukn-eltatawer.com/bh/furniture-storage-riffa/,6,1,23281,19475,PUT
1043,furniture-storage-muharraq,https://rukn-eltatawer.com/bh/furniture-storage-muharraq/,5,1,23246,19837,PUT
1042,furniture-storage-manama,https://rukn-eltatawer.com/bh/furniture-storage-manama/,4,1,22720,20044,PUT
1041,furniture-assembly-budaiya,https://rukn-eltatawer.com/bh/furniture-assembly-budaiya/,6,1,22786,19050,PUT
1040,furniture-assembly-sitra,https://rukn-eltatawer.com/bh/furniture-assembly-sitra/,6,1,22912,19180,PUT
1039,furniture-assembly-isa-town,https://rukn-eltatawer.com/bh/furniture-assembly-isa-town/,6,1,23376,19608,PUT
1038,furniture-assembly-aali,https://rukn-eltatawer.com/bh/furniture-assembly-aali/,6,1,22542,18840,PUT
1037,furniture-assembly-hamad-town,https://rukn-eltatawer.com/bh/furniture-assembly-hamad-town/,4,1,22167,19579,PUT
1036,furniture-assembly-riffa,https://rukn-eltatawer.com/bh/furniture-assembly-riffa/,6,1,23405,19621,PUT
1035,furniture-assembly-muharraq,https://rukn-eltatawer.com/bh/furniture-assembly-muharraq/,6,1,23596,19780,PUT
1034,furniture-assembly-manama,https://rukn-eltatawer.com/bh/furniture-assembly-manama/,6,1,23582,19852,PUT
1033,furniture-packaging-budaiya,https://rukn-eltatawer.com/bh/furniture-packaging-budaiya/,5,1,22544,19295,PUT
1032,furniture-packaging-sitra,https://rukn-eltatawer.com/bh/furniture-packaging-sitra/,4,1,22268,19622,PUT
1031,furniture-packaging-isa-town,https://rukn-eltatawer.com/bh/furniture-packaging-isa-town/,5,1,23237,19926,PUT
1030,furniture-packaging-aali,https://rukn-eltatawer.com/bh/furniture-packaging-aali/,6,1,22797,19141,PUT
1029,furniture-packaging-hamad-town,https://rukn-eltatawer.com/bh/furniture-packaging-hamad-town/,5,1,23275,19922,PUT
1028,furniture-packaging-riffa,https://rukn-eltatawer.com/bh/furniture-packaging-riffa/,4,1,22560,19862,PUT
1027,furniture-packaging-muharraq,https://rukn-eltatawer.com/bh/furniture-packaging-muharraq/,4,1,22738,20108,PUT
1026,furniture-packaging-manama,https://rukn-eltatawer.com/bh/furniture-packaging-manama/,5,1,24060,20397,PUT
1025,piano-moving-budaiya,https://rukn-eltatawer.com/bh/piano-moving-budaiya/,6,1,22489,18753,PUT
1024,piano-moving-sitra,https://rukn-eltatawer.com/bh/piano-moving-sitra/,6,1,22736,19076,PUT
1023,piano-moving-isa-town,https://rukn-eltatawer.com/bh/piano-moving-isa-town/,6,1,23158,19474,PUT
1022,piano-moving-aali,https://rukn-eltatawer.com/bh/piano-moving-aali/,6,1,22463,18735,PUT
1021,piano-moving-hamad-town,https://rukn-eltatawer.com/bh/piano-moving-hamad-town/,4,1,21854,19266,PUT
1020,piano-moving-riffa,https://rukn-eltatawer.com/bh/piano-moving-riffa/,6,1,22938,19208,PUT
1019,piano-moving-muharraq,https://rukn-eltatawer.com/bh/piano-moving-muharraq/,6,1,23223,19419,PUT
1018,piano-moving-manama,https://rukn-eltatawer.com/bh/piano-moving-manama/,5,1,23353,19956,PUT
1017,furniture-moving-packaging-budaiya,https://rukn-eltatawer.com/bh/furniture-moving-packaging-budaiya/,6,1,22861,19201,PUT
1016,furniture-moving-packaging-sitra,https://rukn-eltatawer.com/bh/furniture-moving-packaging-sitra/,4,1,22148,19502,PUT
1015,furniture-moving-packaging-isa-town,https://rukn-eltatawer.com/bh/furniture-moving-packaging-isa-town/,4,1,22449,19793,PUT
1014,furniture-moving-packaging-aali,https://rukn-eltatawer.com/bh/furniture-moving-packaging-aali/,4,1,21904,19266,PUT
1013,furniture-moving-packaging-hamad-town,https://rukn-eltatawer.com/bh/furniture-moving-packaging-hamad-town/,6,1,23426,19582,PUT
1012,furniture-moving-packaging-riffa,https://rukn-eltatawer.com/bh/furniture-moving-packaging-riffa/,4,1,22530,19832,PUT
1011,furniture-moving-packaging-muharraq,https://rukn-eltatawer.com/bh/furniture-moving-packaging-muharraq/,6,1,23643,19827,PUT
1010,furniture-moving-packaging-manama,https://rukn-eltatawer.com/bh/furniture-moving-packaging-manama/,6,1,23590,19860,PUT
1009,outdoor-moving-budaiya,https://rukn-eltatawer.com/bh/outdoor-moving-budaiya/,5,1,22400,19159,PUT
1008,outdoor-moving-sitra,https://rukn-eltatawer.com/bh/outdoor-moving-sitra/,5,1,22504,19251,PUT
1007,outdoor-moving-isa-town,https://rukn-eltatawer.com/bh/outdoor-moving-isa-town/,5,1,23257,19810,PUT
1006,outdoor-moving-aali,https://rukn-eltatawer.com/bh/outdoor-moving-aali/,5,1,22360,19117,PUT
1005,outdoor-moving-hamad-town,https://rukn-eltatawer.com/bh/outdoor-moving-hamad-town/,5,1,23243,19746,PUT
1004,outdoor-moving-riffa,https://rukn-eltatawer.com/bh/outdoor-moving-riffa/,5,1,23354,19871,PUT
1003,outdoor-moving-muharraq,https://rukn-eltatawer.com/bh/outdoor-moving-muharraq/,5,1,23178,19841,PUT
1002,outdoor-moving-manama,https://rukn-eltatawer.com/bh/outdoor-moving-manama/,6,1,23437,19707,PUT
1001,indoor-moving-budaiya,https://rukn-eltatawer.com/bh/indoor-moving-budaiya/,5,1,22417,19176,PUT
1000,indoor-moving-sitra,https://rukn-eltatawer.com/bh/indoor-moving-sitra/,6,1,22961,19185,PUT
999,indoor-moving-isa-town,https://rukn-eltatawer.com/bh/indoor-moving-isa-town/,4,1,22450,19794,PUT
998,indoor-moving-aali,https://rukn-eltatawer.com/bh/indoor-moving-aali/,5,1,22512,19141,PUT
997,indoor-moving-hamad-town,https://rukn-eltatawer.com/bh/indoor-moving-hamad-town/,6,1,23307,19463,PUT
996,indoor-moving-riffa,https://rukn-eltatawer.com/bh/indoor-moving-riffa/,4,1,22437,19739,PUT
995,indoor-moving-muharraq,https://rukn-eltatawer.com/bh/indoor-moving-muharraq/,5,1,23446,20021,PUT
994,indoor-moving-manama,https://rukn-eltatawer.com/bh/indoor-moving-manama/,6,1,23745,19937,PUT
993,wall-fountain-budaiya,https://rukn-eltatawer.com/bh/wall-fountain-budaiya/,5,1,22667,19416,PUT
992,wall-fountain-sitra,https://rukn-eltatawer.com/bh/wall-fountain-sitra/,4,1,22159,19513,PUT
991,wall-fountain-isa-town,https://rukn-eltatawer.com/bh/wall-fountain-isa-town/,4,1,22669,20013,PUT
990,wall-fountain-aali,https://rukn-eltatawer.com/bh/wall-fountain-aali/,5,1,22547,19286,PUT
989,wall-fountain-hamad-town,https://rukn-eltatawer.com/bh/wall-fountain-hamad-town/,5,1,23204,19851,PUT
988,wall-fountain-riffa,https://rukn-eltatawer.com/bh/wall-fountain-riffa/,5,1,23615,20122,PUT
987,wall-fountain-muharraq,https://rukn-eltatawer.com/bh/wall-fountain-muharraq/,5,1,23726,20281,PUT
986,wall-fountain-manama,https://rukn-eltatawer.com/bh/wall-fountain-manama/,5,1,23876,20459,PUT
985,artificial-waterfall-budaiya,https://rukn-eltatawer.com/bh/artificial-waterfall-budaiya/,6,1,22997,19261,PUT
984,artificial-waterfall-sitra,https://rukn-eltatawer.com/bh/artificial-waterfall-sitra/,6,1,23312,19536,PUT
983,artificial-waterfall-isa-town,https://rukn-eltatawer.com/bh/artificial-waterfall-isa-town/,5,1,23581,20192,PUT
982,artificial-waterfall-aali,https://rukn-eltatawer.com/bh/artificial-waterfall-aali/,4,1,22094,19456,PUT
981,artificial-waterfall-hamad-town,https://rukn-eltatawer.com/bh/artificial-waterfall-hamad-town/,6,1,23374,19614,PUT
980,artificial-waterfall-riffa,https://rukn-eltatawer.com/bh/artificial-waterfall-riffa/,4,1,22993,20295,PUT
979,artificial-waterfall-muharraq,https://rukn-eltatawer.com/bh/artificial-waterfall-muharraq/,4,1,22826,20196,PUT
978,artificial-waterfall-manama,https://rukn-eltatawer.com/bh/artificial-waterfall-manama/,4,1,23204,20528,PUT
977,stone-pathway-budaiya,https://rukn-eltatawer.com/bh/stone-pathway-budaiya/,4,1,21996,19412,PUT
976,stone-pathway-sitra,https://rukn-eltatawer.com/bh/stone-pathway-sitra/,5,1,23003,19624,PUT
975,stone-pathway-isa-town,https://rukn-eltatawer.com/bh/stone-pathway-isa-town/,5,1,23334,20025,PUT
974,stone-pathway-aali,https://rukn-eltatawer.com/bh/stone-pathway-aali/,5,1,22528,19279,PUT
973,stone-pathway-hamad-town,https://rukn-eltatawer.com/bh/stone-pathway-hamad-town/,6,1,23303,19543,PUT
972,stone-pathway-riffa,https://rukn-eltatawer.com/bh/stone-pathway-riffa/,4,1,22737,20039,PUT
971,stone-pathway-muharraq,https://rukn-eltatawer.com/bh/stone-pathway-muharraq/,6,1,23610,19882,PUT
970,stone-pathway-manama,https://rukn-eltatawer.com/bh/stone-pathway-manama/,4,1,22947,20271,PUT
969,wooden-arbor-installation-budaiya,https://rukn-eltatawer.com/bh/wooden-arbor-installation-budaiya/,5,1,22829,19468,PUT
968,wooden-arbor-installation-sitra,https://rukn-eltatawer.com/bh/wooden-arbor-installation-sitra/,5,1,22984,19725,PUT
967,wooden-arbor-installation-isa-town,https://rukn-eltatawer.com/bh/wooden-arbor-installation-isa-town/,5,1,23474,20165,PUT
966,wooden-arbor-installation-aali,https://rukn-eltatawer.com/bh/wooden-arbor-installation-aali/,6,1,22941,19213,PUT
965,wooden-arbor-installation-hamad-town,https://rukn-eltatawer.com/bh/wooden-arbor-installation-hamad-town/,4,1,22404,19816,PUT
964,wooden-arbor-installation-riffa,https://rukn-eltatawer.com/bh/wooden-arbor-installation-riffa/,4,1,22775,20077,PUT
963,wooden-arbor-installation-muharraq,https://rukn-eltatawer.com/bh/wooden-arbor-installation-muharraq/,6,1,23858,20042,PUT
962,wooden-arbor-installation-manama,https://rukn-eltatawer.com/bh/wooden-arbor-installation-manama/,6,1,23894,20164,PUT
961,pergola-installation-budaiya,https://rukn-eltatawer.com/bh/pergola-installation-budaiya/,6,1,22942,19282,PUT
960,pergola-installation-sitra,https://rukn-eltatawer.com/bh/pergola-installation-sitra/,5,1,22917,19612,PUT
959,pergola-installation-isa-town,https://rukn-eltatawer.com/bh/pergola-installation-isa-town/,4,1,22788,20132,PUT
958,pergola-installation-aali,https://rukn-eltatawer.com/bh/pergola-installation-aali/,6,1,22882,19226,PUT
957,pergola-installation-hamad-town,https://rukn-eltatawer.com/bh/pergola-installation-hamad-town/,5,1,23308,19965,PUT
956,pergola-installation-riffa,https://rukn-eltatawer.com/bh/pergola-installation-riffa/,6,1,23590,19882,PUT
955,pergola-installation-muharraq,https://rukn-eltatawer.com/bh/pergola-installation-muharraq/,5,1,23599,20178,PUT
954,pergola-installation-manama,https://rukn-eltatawer.com/bh/pergola-installation-manama/,5,1,24063,20410,PUT
953,garden-seating-budaiya,https://rukn-eltatawer.com/bh/garden-seating-budaiya/,6,1,23107,19325,PUT
952,garden-seating-sitra,https://rukn-eltatawer.com/bh/garden-seating-sitra/,5,1,23105,19784,PUT
951,garden-seating-isa-town,https://rukn-eltatawer.com/bh/garden-seating-isa-town/,6,1,23741,19935,PUT
950,garden-seating-aali,https://rukn-eltatawer.com/bh/garden-seating-aali/,5,1,22671,19414,PUT
949,garden-seating-hamad-town,https://rukn-eltatawer.com/bh/garden-seating-hamad-town/,4,1,22454,19866,PUT
948,garden-seating-riffa,https://rukn-eltatawer.com/bh/garden-seating-riffa/,4,1,22787,20089,PUT
947,garden-seating-muharraq,https://rukn-eltatawer.com/bh/garden-seating-muharraq/,5,1,23810,20373,PUT
946,garden-seating-manama,https://rukn-eltatawer.com/bh/garden-seating-manama/,6,1,24058,20274,PUT
945,wall-grass-budaiya,https://rukn-eltatawer.com/bh/wall-grass-budaiya/,5,1,22606,19249,PUT
944,wall-grass-sitra,https://rukn-eltatawer.com/bh/wall-grass-sitra/,6,1,23117,19341,PUT
943,wall-grass-isa-town,https://rukn-eltatawer.com/bh/wall-grass-isa-town/,5,1,23351,19902,PUT
942,wall-grass-aali,https://rukn-eltatawer.com/bh/wall-grass-aali/,5,1,22456,19211,PUT
941,wall-grass-hamad-town,https://rukn-eltatawer.com/bh/wall-grass-hamad-town/,6,1,23425,19581,PUT
940,wall-grass-riffa,https://rukn-eltatawer.com/bh/wall-grass-riffa/,5,1,23169,19846,PUT
939,wall-grass-muharraq,https://rukn-eltatawer.com/bh/wall-grass-muharraq/,4,1,22627,19997,PUT
938,wall-grass-manama,https://rukn-eltatawer.com/bh/wall-grass-manama/,4,1,23020,20344,PUT
929,automatic-irrigation-budaiya,https://rukn-eltatawer.com/bh/automatic-irrigation-budaiya/,6,1,23206,19546,PUT
928,automatic-irrigation-sitra,https://rukn-eltatawer.com/bh/automatic-irrigation-sitra/,4,1,22585,19939,PUT
927,automatic-irrigation-isa-town,https://rukn-eltatawer.com/bh/automatic-irrigation-isa-town/,6,1,23826,20058,PUT
926,automatic-irrigation-aali,https://rukn-eltatawer.com/bh/automatic-irrigation-aali/,4,1,22318,19680,PUT
925,automatic-irrigation-hamad-town,https://rukn-eltatawer.com/bh/automatic-irrigation-hamad-town/,5,1,23904,20411,PUT
924,automatic-irrigation-riffa,https://rukn-eltatawer.com/bh/automatic-irrigation-riffa/,4,1,22909,20211,PUT
923,automatic-irrigation-muharraq,https://rukn-eltatawer.com/bh/automatic-irrigation-muharraq/,6,1,23994,20178,PUT
922,automatic-irrigation-manama,https://rukn-eltatawer.com/bh/automatic-irrigation-manama/,4,1,23343,20667,PUT
921,modern-irrigation-budaiya,https://rukn-eltatawer.com/bh/modern-irrigation-budaiya/,6,1,23059,19277,PUT
920,modern-irrigation-sitra,https://rukn-eltatawer.com/bh/modern-irrigation-sitra/,6,1,23257,19481,PUT
919,modern-irrigation-isa-town,https://rukn-eltatawer.com/bh/modern-irrigation-isa-town/,5,1,23337,20026,PUT
918,modern-irrigation-aali,https://rukn-eltatawer.com/bh/modern-irrigation-aali/,4,1,22060,19422,PUT
917,modern-irrigation-hamad-town,https://rukn-eltatawer.com/bh/modern-irrigation-hamad-town/,6,1,23588,19826,PUT
916,modern-irrigation-riffa,https://rukn-eltatawer.com/bh/modern-irrigation-riffa/,5,1,23643,20148,PUT
915,modern-irrigation-muharraq,https://rukn-eltatawer.com/bh/modern-irrigation-muharraq/,6,1,23737,20009,PUT
914,modern-irrigation-manama,https://rukn-eltatawer.com/bh/modern-irrigation-manama/,4,1,23134,20458,PUT
913,garden-cleaning-budaiya,https://rukn-eltatawer.com/bh/garden-cleaning-budaiya/,6,1,25074,21414,PUT
912,garden-cleaning-sitra,https://rukn-eltatawer.com/bh/garden-cleaning-sitra/,5,1,25108,21723,PUT
911,garden-cleaning-isa-town,https://rukn-eltatawer.com/bh/garden-cleaning-isa-town/,6,1,25752,21984,PUT
910,garden-cleaning-aali,https://rukn-eltatawer.com/bh/garden-cleaning-aali/,4,1,24026,21388,PUT
909,garden-cleaning-hamad-town,https://rukn-eltatawer.com/bh/garden-cleaning-hamad-town/,6,1,25744,21902,PUT
908,garden-cleaning-riffa,https://rukn-eltatawer.com/bh/garden-cleaning-riffa/,6,1,25808,22002,PUT
907,garden-cleaning-muharraq,https://rukn-eltatawer.com/bh/garden-cleaning-muharraq/,5,1,25812,22295,PUT
906,garden-cleaning-manama,https://rukn-eltatawer.com/bh/garden-cleaning-manama/,4,1,25132,22456,PUT
905,palm-tree-planting-budaiya,https://rukn-eltatawer.com/bh/palm-tree-planting-budaiya/,5,1,22681,19378,PUT
904,palm-tree-planting-sitra,https://rukn-eltatawer.com/bh/palm-tree-planting-sitra/,6,1,22968,19236,PUT
903,palm-tree-planting-isa-town,https://rukn-eltatawer.com/bh/palm-tree-planting-isa-town/,5,1,23149,19848,PUT
902,palm-tree-planting-aali,https://rukn-eltatawer.com/bh/palm-tree-planting-aali/,6,1,22557,18855,PUT
901,palm-tree-planting-hamad-town,https://rukn-eltatawer.com/bh/palm-tree-planting-hamad-town/,6,1,23241,19481,PUT
900,palm-tree-planting-riffa,https://rukn-eltatawer.com/bh/palm-tree-planting-riffa/,6,1,23499,19791,PUT
899,palm-tree-planting-muharraq,https://rukn-eltatawer.com/bh/palm-tree-planting-muharraq/,5,1,23540,20111,PUT
898,palm-tree-planting-manama,https://rukn-eltatawer.com/bh/palm-tree-planting-manama/,4,1,23117,20441,PUT
897,natural-grass-cutting-budaiya,https://rukn-eltatawer.com/bh/natural-grass-cutting-budaiya/,6,1,22761,18979,PUT
896,natural-grass-cutting-sitra,https://rukn-eltatawer.com/bh/natural-grass-cutting-sitra/,6,1,22977,19317,PUT
895,natural-grass-cutting-isa-town,https://rukn-eltatawer.com/bh/natural-grass-cutting-isa-town/,6,1,23167,19445,PUT
894,natural-grass-cutting-aali,https://rukn-eltatawer.com/bh/natural-grass-cutting-aali/,4,1,21635,18997,PUT
893,natural-grass-cutting-hamad-town,https://rukn-eltatawer.com/bh/natural-grass-cutting-hamad-town/,5,1,23245,19752,PUT
892,natural-grass-cutting-riffa,https://rukn-eltatawer.com/bh/natural-grass-cutting-riffa/,6,1,23346,19562,PUT
891,natural-grass-cutting-muharraq,https://rukn-eltatawer.com/bh/natural-grass-cutting-muharraq/,5,1,23105,19772,PUT
890,natural-grass-cutting-manama,https://rukn-eltatawer.com/bh/natural-grass-cutting-manama/,4,1,22754,20078,PUT
889,roof-garden-design-budaiya,https://rukn-eltatawer.com/bh/roof-garden-design-budaiya/,4,1,22210,19626,PUT
888,roof-garden-design-sitra,https://rukn-eltatawer.com/bh/roof-garden-design-sitra/,5,1,22976,19727,PUT
887,roof-garden-design-isa-town,https://rukn-eltatawer.com/bh/roof-garden-design-isa-town/,4,1,22645,19989,PUT
886,roof-garden-design-aali,https://rukn-eltatawer.com/bh/roof-garden-design-aali/,4,1,22044,19406,PUT
885,roof-garden-design-hamad-town,https://rukn-eltatawer.com/bh/roof-garden-design-hamad-town/,6,1,23446,19686,PUT
884,roof-garden-design-riffa,https://rukn-eltatawer.com/bh/roof-garden-design-riffa/,6,1,23479,19749,PUT
883,roof-garden-design-muharraq,https://rukn-eltatawer.com/bh/roof-garden-design-muharraq/,4,1,22897,20267,PUT
882,roof-garden-design-manama,https://rukn-eltatawer.com/bh/roof-garden-design-manama/,6,1,24135,20327,PUT
881,indoor-garden-design-budaiya,https://rukn-eltatawer.com/bh/indoor-garden-design-budaiya/,5,1,22900,19537,PUT
880,indoor-garden-design-sitra,https://rukn-eltatawer.com/bh/indoor-garden-design-sitra/,5,1,23143,19818,PUT
879,indoor-garden-design-isa-town,https://rukn-eltatawer.com/bh/indoor-garden-design-isa-town/,5,1,23492,20181,PUT
878,indoor-garden-design-aali,https://rukn-eltatawer.com/bh/indoor-garden-design-aali/,4,1,22077,19439,PUT
877,indoor-garden-design-hamad-town,https://rukn-eltatawer.com/bh/indoor-garden-design-hamad-town/,5,1,23458,20105,PUT
876,indoor-garden-design-riffa,https://rukn-eltatawer.com/bh/indoor-garden-design-riffa/,4,1,23128,20430,PUT
875,indoor-garden-design-muharraq,https://rukn-eltatawer.com/bh/indoor-garden-design-muharraq/,4,1,22793,20163,PUT
874,indoor-garden-design-manama,https://rukn-eltatawer.com/bh/indoor-garden-design-manama/,4,1,23238,20562,PUT
873,landscaping-budaiya,https://rukn-eltatawer.com/bh/landscaping-budaiya/,4,1,22057,19473,PUT
872,landscaping-sitra,https://rukn-eltatawer.com/bh/landscaping-sitra/,6,1,22997,19337,PUT
871,landscaping-isa-town,https://rukn-eltatawer.com/bh/landscaping-isa-town/,5,1,23298,19949,PUT
870,landscaping-aali,https://rukn-eltatawer.com/bh/landscaping-aali/,6,1,22818,19162,PUT
869,landscaping-hamad-town,https://rukn-eltatawer.com/bh/landscaping-hamad-town/,5,1,23278,19845,PUT
868,landscaping-riffa,https://rukn-eltatawer.com/bh/landscaping-riffa/,4,1,22531,19833,PUT
867,landscaping-muharraq,https://rukn-eltatawer.com/bh/landscaping-muharraq/,5,1,23355,20024,PUT
866,landscaping-manama,https://rukn-eltatawer.com/bh/landscaping-manama/,6,1,23796,20090,PUT
865,decor-design-budaiya,https://rukn-eltatawer.com/bh/decor-design-budaiya/,6,1,23228,19446,PUT
864,decor-design-sitra,https://rukn-eltatawer.com/bh/decor-design-sitra/,6,1,23406,19746,PUT
863,decor-design-isa-town,https://rukn-eltatawer.com/bh/decor-design-isa-town/,5,1,23721,20262,PUT
862,decor-design-aali,https://rukn-eltatawer.com/bh/decor-design-aali/,5,1,23067,19684,PUT
861,decor-design-hamad-town,https://rukn-eltatawer.com/bh/decor-design-hamad-town/,6,1,23761,19919,PUT
860,decor-design-riffa,https://rukn-eltatawer.com/bh/decor-design-riffa/,6,1,23825,20019,PUT
859,decor-design-muharraq,https://rukn-eltatawer.com/bh/decor-design-muharraq/,4,1,22952,20322,PUT
858,decor-design-manama,https://rukn-eltatawer.com/bh/decor-design-manama/,6,1,24195,20387,PUT
857,exterior-painting-budaiya,https://rukn-eltatawer.com/bh/exterior-painting-budaiya/,6,1,23061,19279,PUT
856,exterior-painting-sitra,https://rukn-eltatawer.com/bh/exterior-painting-sitra/,4,1,22097,19451,PUT
855,exterior-painting-isa-town,https://rukn-eltatawer.com/bh/exterior-painting-isa-town/,5,1,23320,20019,PUT
854,exterior-painting-aali,https://rukn-eltatawer.com/bh/exterior-painting-aali/,6,1,22927,19271,PUT
853,exterior-painting-hamad-town,https://rukn-eltatawer.com/bh/exterior-painting-hamad-town/,5,1,23335,19992,PUT
852,exterior-painting-riffa,https://rukn-eltatawer.com/bh/exterior-painting-riffa/,5,1,23405,20090,PUT
851,exterior-painting-muharraq,https://rukn-eltatawer.com/bh/exterior-painting-muharraq/,6,1,23637,19833,PUT
850,exterior-painting-manama,https://rukn-eltatawer.com/bh/exterior-painting-manama/,6,1,23885,20101,PUT
849,interior-painting-budaiya,https://rukn-eltatawer.com/bh/interior-painting-budaiya/,5,1,22616,19373,PUT
848,interior-painting-sitra,https://rukn-eltatawer.com/bh/interior-painting-sitra/,4,1,22102,19456,PUT
847,interior-painting-isa-town,https://rukn-eltatawer.com/bh/interior-painting-isa-town/,6,1,23645,19839,PUT
846,interior-painting-aali,https://rukn-eltatawer.com/bh/interior-painting-aali/,4,1,21867,19229,PUT
845,interior-painting-hamad-town,https://rukn-eltatawer.com/bh/interior-painting-hamad-town/,6,1,23598,19756,PUT
844,interior-painting-riffa,https://rukn-eltatawer.com/bh/interior-painting-riffa/,6,1,23423,19693,PUT
843,interior-painting-muharraq,https://rukn-eltatawer.com/bh/interior-painting-muharraq/,6,1,23639,19911,PUT
842,interior-painting-manama,https://rukn-eltatawer.com/bh/interior-painting-manama/,4,1,23025,20349,PUT
841,block-fences-budaiya,https://rukn-eltatawer.com/bh/block-fences-budaiya/,4,1,21984,19400,PUT
840,block-fences-sitra,https://rukn-eltatawer.com/bh/block-fences-sitra/,5,1,22952,19575,PUT
839,block-fences-isa-town,https://rukn-eltatawer.com/bh/block-fences-isa-town/,6,1,23478,19794,PUT
838,block-fences-aali,https://rukn-eltatawer.com/bh/block-fences-aali/,4,1,21924,19286,PUT
837,block-fences-hamad-town,https://rukn-eltatawer.com/bh/block-fences-hamad-town/,6,1,23499,19655,PUT
836,block-fences-riffa,https://rukn-eltatawer.com/bh/block-fences-riffa/,6,1,23554,19748,PUT
835,block-fences-muharraq,https://rukn-eltatawer.com/bh/block-fences-muharraq/,4,1,22630,20000,PUT
834,block-fences-manama,https://rukn-eltatawer.com/bh/block-fences-manama/,6,1,23844,20138,PUT
833,outdoor-majlis-budaiya,https://rukn-eltatawer.com/bh/outdoor-majlis-budaiya/,5,1,22585,19338,PUT
832,outdoor-majlis-sitra,https://rukn-eltatawer.com/bh/outdoor-majlis-sitra/,6,1,22841,19137,PUT
831,outdoor-majlis-isa-town,https://rukn-eltatawer.com/bh/outdoor-majlis-isa-town/,5,1,23256,19951,PUT
830,outdoor-majlis-aali,https://rukn-eltatawer.com/bh/outdoor-majlis-aali/,4,1,22069,19431,PUT
829,outdoor-majlis-hamad-town,https://rukn-eltatawer.com/bh/outdoor-majlis-hamad-town/,4,1,22516,19928,PUT
828,outdoor-majlis-riffa,https://rukn-eltatawer.com/bh/outdoor-majlis-riffa/,5,1,23526,20115,PUT
827,outdoor-majlis-muharraq,https://rukn-eltatawer.com/bh/outdoor-majlis-muharraq/,5,1,23577,20066,PUT
826,outdoor-majlis-manama,https://rukn-eltatawer.com/bh/outdoor-majlis-manama/,4,1,22881,20205,PUT
825,outdoor-kitchens-budaiya,https://rukn-eltatawer.com/bh/outdoor-kitchens-budaiya/,4,1,21853,19269,PUT
824,outdoor-kitchens-sitra,https://rukn-eltatawer.com/bh/outdoor-kitchens-sitra/,4,1,22066,19420,PUT
823,outdoor-kitchens-isa-town,https://rukn-eltatawer.com/bh/outdoor-kitchens-isa-town/,6,1,23510,19742,PUT
822,outdoor-kitchens-aali,https://rukn-eltatawer.com/bh/outdoor-kitchens-aali/,6,1,22800,19072,PUT
821,outdoor-kitchens-hamad-town,https://rukn-eltatawer.com/bh/outdoor-kitchens-hamad-town/,6,1,23521,19759,PUT
820,outdoor-kitchens-riffa,https://rukn-eltatawer.com/bh/outdoor-kitchens-riffa/,6,1,23548,19840,PUT
819,outdoor-kitchens-muharraq,https://rukn-eltatawer.com/bh/outdoor-kitchens-muharraq/,5,1,23388,20045,PUT
818,outdoor-kitchens-manama,https://rukn-eltatawer.com/bh/outdoor-kitchens-manama/,5,1,23911,20500,PUT
817,outdoor-bathrooms-budaiya,https://rukn-eltatawer.com/bh/outdoor-bathrooms-budaiya/,6,1,24507,20725,PUT
816,outdoor-bathrooms-sitra,https://rukn-eltatawer.com/bh/outdoor-bathrooms-sitra/,6,1,24690,20914,PUT
815,outdoor-bathrooms-isa-town,https://rukn-eltatawer.com/bh/outdoor-bathrooms-isa-town/,6,1,25006,21238,PUT
814,outdoor-bathrooms-aali,https://rukn-eltatawer.com/bh/outdoor-bathrooms-aali/,4,1,23652,21014,PUT
813,outdoor-bathrooms-hamad-town,https://rukn-eltatawer.com/bh/outdoor-bathrooms-hamad-town/,5,1,24907,21554,PUT
812,outdoor-bathrooms-riffa,https://rukn-eltatawer.com/bh/outdoor-bathrooms-riffa/,6,1,25052,21268,PUT
811,outdoor-bathrooms-muharraq,https://rukn-eltatawer.com/bh/outdoor-bathrooms-muharraq/,5,1,25076,21563,PUT
810,outdoor-bathrooms-manama,https://rukn-eltatawer.com/bh/outdoor-bathrooms-manama/,5,1,25691,22028,PUT
809,majlis-building-budaiya,https://rukn-eltatawer.com/bh/majlis-building-budaiya/,6,1,22593,18887,PUT
808,majlis-building-sitra,https://rukn-eltatawer.com/bh/majlis-building-sitra/,6,1,22925,19265,PUT
807,majlis-building-isa-town,https://rukn-eltatawer.com/bh/majlis-building-isa-town/,4,1,22398,19742,PUT
806,majlis-building-aali,https://rukn-eltatawer.com/bh/majlis-building-aali/,4,1,21710,19072,PUT
805,majlis-building-hamad-town,https://rukn-eltatawer.com/bh/majlis-building-hamad-town/,4,1,22319,19731,PUT
804,majlis-building-riffa,https://rukn-eltatawer.com/bh/majlis-building-riffa/,5,1,23382,19987,PUT
803,majlis-building-muharraq,https://rukn-eltatawer.com/bh/majlis-building-muharraq/,4,1,22417,19787,PUT
802,majlis-building-manama,https://rukn-eltatawer.com/bh/majlis-building-manama/,4,1,22859,20183,PUT
801,annex-building-budaiya,https://rukn-eltatawer.com/bh/annex-building-budaiya/,5,1,22369,19136,PUT
800,annex-building-sitra,https://rukn-eltatawer.com/bh/annex-building-sitra/,5,1,22544,19307,PUT
799,annex-building-isa-town,https://rukn-eltatawer.com/bh/annex-building-isa-town/,6,1,23277,19593,PUT
798,annex-building-aali,https://rukn-eltatawer.com/bh/annex-building-aali/,4,1,21590,18952,PUT
797,annex-building-hamad-town,https://rukn-eltatawer.com/bh/annex-building-hamad-town/,6,1,23346,19504,PUT
796,annex-building-riffa,https://rukn-eltatawer.com/bh/annex-building-riffa/,5,1,23256,19873,PUT
795,annex-building-muharraq,https://rukn-eltatawer.com/bh/annex-building-muharraq/,6,1,23126,19386,PUT
794,annex-building-manama,https://rukn-eltatawer.com/bh/annex-building-manama/,4,1,22809,20133,PUT
785,artificial-grass-budaiya,https://rukn-eltatawer.com/bh/artificial-grass-budaiya/,6,1,22824,19164,PUT
784,artificial-grass-sitra,https://rukn-eltatawer.com/bh/artificial-grass-sitra/,5,1,22905,19592,PUT
783,artificial-grass-isa-town,https://rukn-eltatawer.com/bh/artificial-grass-isa-town/,6,1,23435,19667,PUT
782,artificial-grass-aali,https://rukn-eltatawer.com/bh/artificial-grass-aali/,4,1,21921,19283,PUT
781,artificial-grass-hamad-town,https://rukn-eltatawer.com/bh/artificial-grass-hamad-town/,6,1,23383,19539,PUT
780,artificial-grass-riffa,https://rukn-eltatawer.com/bh/artificial-grass-riffa/,4,1,22718,20020,PUT
779,artificial-grass-muharraq,https://rukn-eltatawer.com/bh/artificial-grass-muharraq/,4,1,22345,19715,PUT
778,artificial-grass-manama,https://rukn-eltatawer.com/bh/artificial-grass-manama/,6,1,23829,20045,PUT
777,shades-sails-budaiya,https://rukn-eltatawer.com/bh/shades-sails-budaiya/,6,1,23158,19376,PUT
776,shades-sails-sitra,https://rukn-eltatawer.com/bh/shades-sails-sitra/,4,1,22296,19650,PUT
775,shades-sails-isa-town,https://rukn-eltatawer.com/bh/shades-sails-isa-town/,4,1,22688,20032,PUT
774,shades-sails-aali,https://rukn-eltatawer.com/bh/shades-sails-aali/,6,1,23117,19343,PUT
773,shades-sails-hamad-town,https://rukn-eltatawer.com/bh/shades-sails-hamad-town/,4,1,22541,19953,PUT
772,shades-sails-riffa,https://rukn-eltatawer.com/bh/shades-sails-riffa/,5,1,23511,20186,PUT
771,shades-sails-muharraq,https://rukn-eltatawer.com/bh/shades-sails-muharraq/,6,1,23795,19991,PUT
770,shades-sails-manama,https://rukn-eltatawer.com/bh/shades-sails-manama/,6,1,24197,20389,PUT
769,windows-installation-budaiya,https://rukn-eltatawer.com/bh/windows-installation-budaiya/,4,1,21791,19207,PUT
768,windows-installation-sitra,https://rukn-eltatawer.com/bh/windows-installation-sitra/,4,1,22353,19707,PUT
767,windows-installation-isa-town,https://rukn-eltatawer.com/bh/windows-installation-isa-town/,6,1,23561,19755,PUT
766,windows-installation-aali,https://rukn-eltatawer.com/bh/windows-installation-aali/,6,1,22729,19001,PUT
765,windows-installation-hamad-town,https://rukn-eltatawer.com/bh/windows-installation-hamad-town/,4,1,22288,19700,PUT
764,windows-installation-riffa,https://rukn-eltatawer.com/bh/windows-installation-riffa/,4,1,22703,20005,PUT
763,windows-installation-muharraq,https://rukn-eltatawer.com/bh/windows-installation-muharraq/,6,1,23627,19823,PUT
762,windows-installation-manama,https://rukn-eltatawer.com/bh/windows-installation-manama/,4,1,23227,20551,PUT
761,doors-installation-budaiya,https://rukn-eltatawer.com/bh/doors-installation-budaiya/,4,1,22008,19424,PUT
760,doors-installation-sitra,https://rukn-eltatawer.com/bh/doors-installation-sitra/,4,1,22107,19461,PUT
759,doors-installation-isa-town,https://rukn-eltatawer.com/bh/doors-installation-isa-town/,6,1,23467,19783,PUT
758,doors-installation-aali,https://rukn-eltatawer.com/bh/doors-installation-aali/,5,1,22458,19221,PUT
757,doors-installation-hamad-town,https://rukn-eltatawer.com/bh/doors-installation-hamad-town/,4,1,22242,19654,PUT
756,doors-installation-riffa,https://rukn-eltatawer.com/bh/doors-installation-riffa/,5,1,23427,20040,PUT
755,doors-installation-muharraq,https://rukn-eltatawer.com/bh/doors-installation-muharraq/,5,1,23516,20017,PUT
754,doors-installation-manama,https://rukn-eltatawer.com/bh/doors-installation-manama/,6,1,23879,20095,PUT
753,kitchen-installation-budaiya,https://rukn-eltatawer.com/bh/kitchen-installation-budaiya/,5,1,22632,19283,PUT
752,kitchen-installation-sitra,https://rukn-eltatawer.com/bh/kitchen-installation-sitra/,5,1,22812,19515,PUT
751,kitchen-installation-isa-town,https://rukn-eltatawer.com/bh/kitchen-installation-isa-town/,5,1,23352,19911,PUT
750,kitchen-installation-aali,https://rukn-eltatawer.com/bh/kitchen-installation-aali/,6,1,22809,19153,PUT
749,kitchen-installation-hamad-town,https://rukn-eltatawer.com/bh/kitchen-installation-hamad-town/,6,1,23223,19463,PUT
748,kitchen-installation-riffa,https://rukn-eltatawer.com/bh/kitchen-installation-riffa/,5,1,23439,19962,PUT
747,kitchen-installation-muharraq,https://rukn-eltatawer.com/bh/kitchen-installation-muharraq/,6,1,23659,19931,PUT
746,kitchen-installation-manama,https://rukn-eltatawer.com/bh/kitchen-installation-manama/,4,1,22992,20316,PUT
745,glass-alumetal-budaiya,https://rukn-eltatawer.com/bh/glass-alumetal-budaiya/,5,1,22872,19619,PUT
744,glass-alumetal-sitra,https://rukn-eltatawer.com/bh/glass-alumetal-sitra/,4,1,22335,19689,PUT
743,glass-alumetal-isa-town,https://rukn-eltatawer.com/bh/glass-alumetal-isa-town/,4,1,22849,20193,PUT
742,glass-alumetal-aali,https://rukn-eltatawer.com/bh/glass-alumetal-aali/,6,1,23187,19413,PUT
741,glass-alumetal-hamad-town,https://rukn-eltatawer.com/bh/glass-alumetal-hamad-town/,5,1,23683,20214,PUT
740,glass-alumetal-riffa,https://rukn-eltatawer.com/bh/glass-alumetal-riffa/,4,1,22832,20134,PUT
739,glass-alumetal-muharraq,https://rukn-eltatawer.com/bh/glass-alumetal-muharraq/,4,1,22884,20254,PUT
738,glass-alumetal-manama,https://rukn-eltatawer.com/bh/glass-alumetal-manama/,6,1,24136,20352,PUT
737,glass-aluminium-partitions-budaiya,https://rukn-eltatawer.com/bh/glass-aluminium-partitions-budaiya/,5,1,23128,19855,PUT
736,glass-aluminium-partitions-sitra,https://rukn-eltatawer.com/bh/glass-aluminium-partitions-sitra/,6,1,23681,19905,PUT
735,glass-aluminium-partitions-isa-town,https://rukn-eltatawer.com/bh/glass-aluminium-partitions-isa-town/,4,1,23333,20677,PUT
734,glass-aluminium-partitions-aali,https://rukn-eltatawer.com/bh/glass-aluminium-partitions-aali/,4,1,22335,19697,PUT
733,glass-aluminium-partitions-hamad-town,https://rukn-eltatawer.com/bh/glass-aluminium-partitions-hamad-town/,4,1,23151,20563,PUT
732,glass-aluminium-partitions-riffa,https://rukn-eltatawer.com/bh/glass-aluminium-partitions-riffa/,4,1,23227,20529,PUT
731,glass-aluminium-partitions-muharraq,https://rukn-eltatawer.com/bh/glass-aluminium-partitions-muharraq/,4,1,23186,20556,PUT
730,glass-aluminium-partitions-manama,https://rukn-eltatawer.com/bh/glass-aluminium-partitions-manama/,4,1,23592,20916,PUT
729,suspended-ceiling-budaiya,https://rukn-eltatawer.com/bh/suspended-ceiling-budaiya/,6,1,23197,19415,PUT
728,suspended-ceiling-sitra,https://rukn-eltatawer.com/bh/suspended-ceiling-sitra/,4,1,22315,19669,PUT
727,suspended-ceiling-isa-town,https://rukn-eltatawer.com/bh/suspended-ceiling-isa-town/,6,1,23504,19782,PUT
726,suspended-ceiling-aali,https://rukn-eltatawer.com/bh/suspended-ceiling-aali/,5,1,22695,19436,PUT
725,suspended-ceiling-hamad-town,https://rukn-eltatawer.com/bh/suspended-ceiling-hamad-town/,4,1,22679,20091,PUT
724,suspended-ceiling-riffa,https://rukn-eltatawer.com/bh/suspended-ceiling-riffa/,4,1,22883,20185,PUT
723,suspended-ceiling-muharraq,https://rukn-eltatawer.com/bh/suspended-ceiling-muharraq/,4,1,22829,20199,PUT
722,suspended-ceiling-manama,https://rukn-eltatawer.com/bh/suspended-ceiling-manama/,5,1,24286,20787,PUT
721,floor-carpeting-budaiya,https://rukn-eltatawer.com/bh/floor-carpeting-budaiya/,5,1,22724,19473,PUT
720,floor-carpeting-sitra,https://rukn-eltatawer.com/bh/floor-carpeting-sitra/,6,1,23372,19596,PUT
719,floor-carpeting-isa-town,https://rukn-eltatawer.com/bh/floor-carpeting-isa-town/,5,1,23594,20221,PUT
718,floor-carpeting-aali,https://rukn-eltatawer.com/bh/floor-carpeting-aali/,6,1,23048,19392,PUT
717,floor-carpeting-hamad-town,https://rukn-eltatawer.com/bh/floor-carpeting-hamad-town/,6,1,23700,19858,PUT
716,floor-carpeting-riffa,https://rukn-eltatawer.com/bh/floor-carpeting-riffa/,6,1,23635,19851,PUT
715,floor-carpeting-muharraq,https://rukn-eltatawer.com/bh/floor-carpeting-muharraq/,5,1,23654,20315,PUT
714,floor-carpeting-manama,https://rukn-eltatawer.com/bh/floor-carpeting-manama/,4,1,23108,20432,PUT
713,wallpaper-budaiya,https://rukn-eltatawer.com/bh/wallpaper-budaiya/,5,1,22690,19443,PUT
712,wallpaper-sitra,https://rukn-eltatawer.com/bh/wallpaper-sitra/,4,1,22537,19891,PUT
711,wallpaper-isa-town,https://rukn-eltatawer.com/bh/wallpaper-isa-town/,6,1,23530,19762,PUT
710,wallpaper-aali,https://rukn-eltatawer.com/bh/wallpaper-aali/,4,1,21998,19360,PUT
709,wallpaper-hamad-town,https://rukn-eltatawer.com/bh/wallpaper-hamad-town/,5,1,23331,19986,PUT
708,wallpaper-riffa,https://rukn-eltatawer.com/bh/wallpaper-riffa/,6,1,23639,19833,PUT
707,wallpaper-muharraq,https://rukn-eltatawer.com/bh/wallpaper-muharraq/,5,1,23448,20109,PUT
706,wallpaper-manama,https://rukn-eltatawer.com/bh/wallpaper-manama/,6,1,23946,20162,PUT
705,false-ceiling-budaiya,https://rukn-eltatawer.com/bh/false-ceiling-budaiya/,5,1,23221,19954,PUT
704,false-ceiling-sitra,https://rukn-eltatawer.com/bh/false-ceiling-sitra/,5,1,23404,20133,PUT
703,false-ceiling-isa-town,https://rukn-eltatawer.com/bh/false-ceiling-isa-town/,5,1,24091,20678,PUT
702,false-ceiling-aali,https://rukn-eltatawer.com/bh/false-ceiling-aali/,4,1,22515,19877,PUT
701,false-ceiling-hamad-town,https://rukn-eltatawer.com/bh/false-ceiling-hamad-town/,6,1,23831,20071,PUT
700,false-ceiling-riffa,https://rukn-eltatawer.com/bh/false-ceiling-riffa/,5,1,23954,20611,PUT
699,false-ceiling-muharraq,https://rukn-eltatawer.com/bh/false-ceiling-muharraq/,5,1,23855,20492,PUT
698,false-ceiling-manama,https://rukn-eltatawer.com/bh/false-ceiling-manama/,6,1,24501,20717,PUT
697,gypsum-board-budaiya,https://rukn-eltatawer.com/bh/gypsum-board-budaiya/,6,1,22984,19324,PUT
696,gypsum-board-sitra,https://rukn-eltatawer.com/bh/gypsum-board-sitra/,6,1,23192,19532,PUT
695,gypsum-board-isa-town,https://rukn-eltatawer.com/bh/gypsum-board-isa-town/,6,1,23666,19860,PUT
694,gypsum-board-aali,https://rukn-eltatawer.com/bh/gypsum-board-aali/,4,1,22056,19418,PUT
693,gypsum-board-hamad-town,https://rukn-eltatawer.com/bh/gypsum-board-hamad-town/,6,1,23632,19870,PUT
692,gypsum-board-riffa,https://rukn-eltatawer.com/bh/gypsum-board-riffa/,4,1,22961,20263,PUT
691,gypsum-board-muharraq,https://rukn-eltatawer.com/bh/gypsum-board-muharraq/,5,1,23533,20200,PUT
690,gypsum-board-manama,https://rukn-eltatawer.com/bh/gypsum-board-manama/,6,1,23961,20255,PUT
689,wall-foam-budaiya,https://rukn-eltatawer.com/bh/wall-foam-budaiya/,5,1,22902,19591,PUT
688,wall-foam-sitra,https://rukn-eltatawer.com/bh/wall-foam-sitra/,6,1,23002,19298,PUT
687,wall-foam-isa-town,https://rukn-eltatawer.com/bh/wall-foam-isa-town/,5,1,23532,20079,PUT
686,wall-foam-aali,https://rukn-eltatawer.com/bh/wall-foam-aali/,6,1,22891,19163,PUT
685,wall-foam-hamad-town,https://rukn-eltatawer.com/bh/wall-foam-hamad-town/,6,1,23624,19780,PUT
684,wall-foam-riffa,https://rukn-eltatawer.com/bh/wall-foam-riffa/,6,1,23688,19980,PUT
683,wall-foam-muharraq,https://rukn-eltatawer.com/bh/wall-foam-muharraq/,6,1,23740,19936,PUT
682,wall-foam-manama,https://rukn-eltatawer.com/bh/wall-foam-manama/,4,1,23392,20716,PUT
681,marble-granite-budaiya,https://rukn-eltatawer.com/bh/marble-granite-budaiya/,4,1,22219,19635,PUT
680,marble-granite-sitra,https://rukn-eltatawer.com/bh/marble-granite-sitra/,5,1,23005,19744,PUT
679,marble-granite-isa-town,https://rukn-eltatawer.com/bh/marble-granite-isa-town/,6,1,23657,19889,PUT
678,marble-granite-aali,https://rukn-eltatawer.com/bh/marble-granite-aali/,4,1,21996,19358,PUT
677,marble-granite-hamad-town,https://rukn-eltatawer.com/bh/marble-granite-hamad-town/,6,1,23473,19713,PUT
676,marble-granite-riffa,https://rukn-eltatawer.com/bh/marble-granite-riffa/,6,1,23764,20056,PUT
675,marble-granite-muharraq,https://rukn-eltatawer.com/bh/marble-granite-muharraq/,4,1,22732,20102,PUT
674,marble-granite-manama,https://rukn-eltatawer.com/bh/marble-granite-manama/,6,1,24190,20382,PUT
673,stone-budaiya,https://rukn-eltatawer.com/bh/stone-budaiya/,6,1,23201,19541,PUT
672,stone-sitra,https://rukn-eltatawer.com/bh/stone-sitra/,4,1,22559,19913,PUT
671,stone-isa-town,https://rukn-eltatawer.com/bh/stone-isa-town/,4,1,23113,20457,PUT
670,stone-aali,https://rukn-eltatawer.com/bh/stone-aali/,4,1,22223,19585,PUT
669,stone-hamad-town,https://rukn-eltatawer.com/bh/stone-hamad-town/,6,1,23630,19870,PUT
668,stone-riffa,https://rukn-eltatawer.com/bh/stone-riffa/,6,1,23884,20176,PUT
667,stone-muharraq,https://rukn-eltatawer.com/bh/stone-muharraq/,4,1,22873,20243,PUT
666,stone-manama,https://rukn-eltatawer.com/bh/stone-manama/,6,1,24438,20630,PUT
665,vinyl-flooring-budaiya,https://rukn-eltatawer.com/bh/vinyl-flooring-budaiya/,6,1,22886,19180,PUT
664,vinyl-flooring-sitra,https://rukn-eltatawer.com/bh/vinyl-flooring-sitra/,5,1,23056,19795,PUT
663,vinyl-flooring-isa-town,https://rukn-eltatawer.com/bh/vinyl-flooring-isa-town/,4,1,22702,20046,PUT
662,vinyl-flooring-aali,https://rukn-eltatawer.com/bh/vinyl-flooring-aali/,6,1,22933,19205,PUT
661,vinyl-flooring-hamad-town,https://rukn-eltatawer.com/bh/vinyl-flooring-hamad-town/,6,1,23747,19905,PUT
660,vinyl-flooring-riffa,https://rukn-eltatawer.com/bh/vinyl-flooring-riffa/,5,1,23698,20283,PUT
659,vinyl-flooring-muharraq,https://rukn-eltatawer.com/bh/vinyl-flooring-muharraq/,5,1,23696,20355,PUT
658,vinyl-flooring-manama,https://rukn-eltatawer.com/bh/vinyl-flooring-manama/,6,1,24204,20396,PUT
657,parquet-budaiya,https://rukn-eltatawer.com/bh/parquet-budaiya/,4,1,22250,19666,PUT
656,parquet-sitra,https://rukn-eltatawer.com/bh/parquet-sitra/,6,1,23586,19810,PUT
655,parquet-isa-town,https://rukn-eltatawer.com/bh/parquet-isa-town/,6,1,23855,20087,PUT
654,parquet-aali,https://rukn-eltatawer.com/bh/parquet-aali/,5,1,23141,19796,PUT
653,parquet-hamad-town,https://rukn-eltatawer.com/bh/parquet-hamad-town/,4,1,22964,20376,PUT
652,parquet-riffa,https://rukn-eltatawer.com/bh/parquet-riffa/,6,1,23986,20180,PUT
651,parquet-muharraq,https://rukn-eltatawer.com/bh/parquet-muharraq/,4,1,23225,20595,PUT
650,parquet-manama,https://rukn-eltatawer.com/bh/parquet-manama/,6,1,24523,20715,PUT
649,ceramic-porcelain-budaiya,https://rukn-eltatawer.com/bh/ceramic-porcelain-budaiya/,6,1,23265,19483,PUT
648,ceramic-porcelain-sitra,https://rukn-eltatawer.com/bh/ceramic-porcelain-sitra/,5,1,23188,19919,PUT
647,ceramic-porcelain-isa-town,https://rukn-eltatawer.com/bh/ceramic-porcelain-isa-town/,4,1,23097,20441,PUT
646,ceramic-porcelain-aali,https://rukn-eltatawer.com/bh/ceramic-porcelain-aali/,5,1,22898,19639,PUT
645,ceramic-porcelain-hamad-town,https://rukn-eltatawer.com/bh/ceramic-porcelain-hamad-town/,5,1,23717,20204,PUT
644,ceramic-porcelain-riffa,https://rukn-eltatawer.com/bh/ceramic-porcelain-riffa/,5,1,23872,20373,PUT
643,ceramic-porcelain-muharraq,https://rukn-eltatawer.com/bh/ceramic-porcelain-muharraq/,6,1,23771,20031,PUT
642,ceramic-porcelain-manama,https://rukn-eltatawer.com/bh/ceramic-porcelain-manama/,5,1,24534,20863,PUT
641,plastering-budaiya,https://rukn-eltatawer.com/bh/plastering-budaiya/,6,1,22704,18998,PUT
640,plastering-sitra,https://rukn-eltatawer.com/bh/plastering-sitra/,5,1,22782,19541,PUT
639,plastering-isa-town,https://rukn-eltatawer.com/bh/plastering-isa-town/,6,1,23586,19780,PUT
638,plastering-aali,https://rukn-eltatawer.com/bh/plastering-aali/,5,1,22481,19234,PUT
637,plastering-hamad-town,https://rukn-eltatawer.com/bh/plastering-hamad-town/,5,1,23182,19843,PUT
636,plastering-riffa,https://rukn-eltatawer.com/bh/plastering-riffa/,4,1,22901,20203,PUT
635,plastering-muharraq,https://rukn-eltatawer.com/bh/plastering-muharraq/,4,1,22559,19929,PUT
634,plastering-manama,https://rukn-eltatawer.com/bh/plastering-manama/,4,1,23017,20341,PUT
633,brickwork-budaiya,https://rukn-eltatawer.com/bh/brickwork-budaiya/,5,1,22543,19304,PUT
632,brickwork-sitra,https://rukn-eltatawer.com/bh/brickwork-sitra/,4,1,22084,19438,PUT
631,brickwork-isa-town,https://rukn-eltatawer.com/bh/brickwork-isa-town/,4,1,22540,19884,PUT
630,brickwork-aali,https://rukn-eltatawer.com/bh/brickwork-aali/,4,1,22012,19374,PUT
629,brickwork-hamad-town,https://rukn-eltatawer.com/bh/brickwork-hamad-town/,5,1,23203,19864,PUT
628,brickwork-riffa,https://rukn-eltatawer.com/bh/brickwork-riffa/,5,1,23434,19957,PUT
627,brickwork-muharraq,https://rukn-eltatawer.com/bh/brickwork-muharraq/,4,1,22503,19873,PUT
626,brickwork-manama,https://rukn-eltatawer.com/bh/brickwork-manama/,6,1,23852,20068,PUT
625,kerbstone-budaiya,https://rukn-eltatawer.com/bh/kerbstone-budaiya/,4,1,21822,19238,PUT
624,kerbstone-sitra,https://rukn-eltatawer.com/bh/kerbstone-sitra/,5,1,22868,19497,PUT
623,kerbstone-isa-town,https://rukn-eltatawer.com/bh/kerbstone-isa-town/,6,1,23540,19856,PUT
622,kerbstone-aali,https://rukn-eltatawer.com/bh/kerbstone-aali/,5,1,22566,19325,PUT
621,kerbstone-hamad-town,https://rukn-eltatawer.com/bh/kerbstone-hamad-town/,5,1,23189,19848,PUT
620,kerbstone-riffa,https://rukn-eltatawer.com/bh/kerbstone-riffa/,5,1,23455,20060,PUT
619,kerbstone-muharraq,https://rukn-eltatawer.com/bh/kerbstone-muharraq/,6,1,23664,19936,PUT
618,kerbstone-manama,https://rukn-eltatawer.com/bh/kerbstone-manama/,6,1,23960,20176,PUT
617,interlock-budaiya,https://rukn-eltatawer.com/bh/interlock-budaiya/,6,1,22894,19234,PUT
616,interlock-sitra,https://rukn-eltatawer.com/bh/interlock-sitra/,6,1,22938,19234,PUT
615,interlock-isa-town,https://rukn-eltatawer.com/bh/interlock-isa-town/,4,1,22611,19955,PUT
614,interlock-aali,https://rukn-eltatawer.com/bh/interlock-aali/,6,1,22928,19154,PUT
613,interlock-hamad-town,https://rukn-eltatawer.com/bh/interlock-hamad-town/,5,1,23329,19986,PUT
612,interlock-riffa,https://rukn-eltatawer.com/bh/interlock-riffa/,4,1,22723,20025,PUT
611,interlock-muharraq,https://rukn-eltatawer.com/bh/interlock-muharraq/,6,1,23665,19937,PUT
610,interlock-manama,https://rukn-eltatawer.com/bh/interlock-manama/,5,1,24069,20590,PUT
609,drain-unclogging-budaiya,https://rukn-eltatawer.com/bh/drain-unclogging-budaiya/,4,1,22932,20348,PUT
608,drain-unclogging-sitra,https://rukn-eltatawer.com/bh/drain-unclogging-sitra/,6,1,24346,20570,PUT
607,drain-unclogging-isa-town,https://rukn-eltatawer.com/bh/drain-unclogging-isa-town/,4,1,23661,21005,PUT
606,drain-unclogging-aali,https://rukn-eltatawer.com/bh/drain-unclogging-aali/,6,1,24001,20227,PUT
605,drain-unclogging-hamad-town,https://rukn-eltatawer.com/bh/drain-unclogging-hamad-town/,5,1,24294,20957,PUT
604,drain-unclogging-riffa,https://rukn-eltatawer.com/bh/drain-unclogging-riffa/,4,1,23783,21085,PUT
603,drain-unclogging-muharraq,https://rukn-eltatawer.com/bh/drain-unclogging-muharraq/,6,1,24768,21040,PUT
602,drain-unclogging-manama,https://rukn-eltatawer.com/bh/drain-unclogging-manama/,5,1,24923,21522,PUT
601,septic-tank-emptying-budaiya,https://rukn-eltatawer.com/bh/septic-tank-emptying-budaiya/,5,1,23713,20366,PUT
600,septic-tank-emptying-sitra,https://rukn-eltatawer.com/bh/septic-tank-emptying-sitra/,6,1,23955,20251,PUT
599,septic-tank-emptying-isa-town,https://rukn-eltatawer.com/bh/septic-tank-emptying-isa-town/,4,1,23604,20948,PUT
598,septic-tank-emptying-aali,https://rukn-eltatawer.com/bh/septic-tank-emptying-aali/,6,1,23907,20251,PUT
597,septic-tank-emptying-hamad-town,https://rukn-eltatawer.com/bh/septic-tank-emptying-hamad-town/,4,1,23560,20972,PUT
596,septic-tank-emptying-riffa,https://rukn-eltatawer.com/bh/septic-tank-emptying-riffa/,6,1,24680,20874,PUT
595,septic-tank-emptying-muharraq,https://rukn-eltatawer.com/bh/septic-tank-emptying-muharraq/,5,1,24678,21181,PUT
594,septic-tank-emptying-manama,https://rukn-eltatawer.com/bh/septic-tank-emptying-manama/,5,1,25107,21640,PUT
593,crack-repair-budaiya,https://rukn-eltatawer.com/bh/crack-repair-budaiya/,4,1,22372,19788,PUT
592,crack-repair-sitra,https://rukn-eltatawer.com/bh/crack-repair-sitra/,6,1,23650,19990,PUT
591,crack-repair-isa-town,https://rukn-eltatawer.com/bh/crack-repair-isa-town/,6,1,24087,20281,PUT
590,crack-repair-aali,https://rukn-eltatawer.com/bh/crack-repair-aali/,5,1,23274,19913,PUT
589,crack-repair-hamad-town,https://rukn-eltatawer.com/bh/crack-repair-hamad-town/,5,1,24081,20556,PUT
588,crack-repair-riffa,https://rukn-eltatawer.com/bh/crack-repair-riffa/,4,1,23163,20465,PUT
587,crack-repair-muharraq,https://rukn-eltatawer.com/bh/crack-repair-muharraq/,4,1,23126,20496,PUT
586,crack-repair-manama,https://rukn-eltatawer.com/bh/crack-repair-manama/,6,1,24366,20660,PUT
585,villa-inspection-budaiya,https://rukn-eltatawer.com/bh/villa-inspection-budaiya/,4,1,22292,19708,PUT
584,villa-inspection-sitra,https://rukn-eltatawer.com/bh/villa-inspection-sitra/,6,1,23534,19874,PUT
583,villa-inspection-isa-town,https://rukn-eltatawer.com/bh/villa-inspection-isa-town/,6,1,23904,20136,PUT
582,villa-inspection-aali,https://rukn-eltatawer.com/bh/villa-inspection-aali/,4,1,22424,19786,PUT
581,villa-inspection-hamad-town,https://rukn-eltatawer.com/bh/villa-inspection-hamad-town/,5,1,23923,20434,PUT
580,villa-inspection-riffa,https://rukn-eltatawer.com/bh/villa-inspection-riffa/,4,1,23440,20742,PUT
579,villa-inspection-muharraq,https://rukn-eltatawer.com/bh/villa-inspection-muharraq/,5,1,24178,20709,PUT
578,villa-inspection-manama,https://rukn-eltatawer.com/bh/villa-inspection-manama/,6,1,24400,20616,PUT
577,old-house-renovation-budaiya,https://rukn-eltatawer.com/bh/old-house-renovation-budaiya/,4,1,21890,19306,PUT
576,old-house-renovation-sitra,https://rukn-eltatawer.com/bh/old-house-renovation-sitra/,6,1,23047,19387,PUT
575,old-house-renovation-isa-town,https://rukn-eltatawer.com/bh/old-house-renovation-isa-town/,4,1,22771,20115,PUT
574,old-house-renovation-aali,https://rukn-eltatawer.com/bh/old-house-renovation-aali/,5,1,22550,19301,PUT
573,old-house-renovation-hamad-town,https://rukn-eltatawer.com/bh/old-house-renovation-hamad-town/,5,1,23221,19872,PUT
572,old-house-renovation-riffa,https://rukn-eltatawer.com/bh/old-house-renovation-riffa/,5,1,23541,20130,PUT
571,old-house-renovation-muharraq,https://rukn-eltatawer.com/bh/old-house-renovation-muharraq/,5,1,23394,20051,PUT
570,old-house-renovation-manama,https://rukn-eltatawer.com/bh/old-house-renovation-manama/,4,1,23061,20385,PUT
569,building-renovation-budaiya,https://rukn-eltatawer.com/bh/building-renovation-budaiya/,5,1,22742,19427,PUT
568,building-renovation-sitra,https://rukn-eltatawer.com/bh/building-renovation-sitra/,6,1,22944,19240,PUT
567,building-renovation-isa-town,https://rukn-eltatawer.com/bh/building-renovation-isa-town/,4,1,22657,20001,PUT
566,building-renovation-aali,https://rukn-eltatawer.com/bh/building-renovation-aali/,6,1,22832,19176,PUT
565,building-renovation-hamad-town,https://rukn-eltatawer.com/bh/building-renovation-hamad-town/,5,1,23457,19952,PUT
564,building-renovation-riffa,https://rukn-eltatawer.com/bh/building-renovation-riffa/,5,1,23388,20063,PUT
563,building-renovation-muharraq,https://rukn-eltatawer.com/bh/building-renovation-muharraq/,4,1,22492,19862,PUT
562,building-renovation-manama,https://rukn-eltatawer.com/bh/building-renovation-manama/,5,1,23843,20428,PUT
561,kitchen-renovation-budaiya,https://rukn-eltatawer.com/bh/kitchen-renovation-budaiya/,5,1,22457,19108,PUT
560,kitchen-renovation-sitra,https://rukn-eltatawer.com/bh/kitchen-renovation-sitra/,5,1,22606,19367,PUT
559,kitchen-renovation-isa-town,https://rukn-eltatawer.com/bh/kitchen-renovation-isa-town/,6,1,23056,19334,PUT
558,kitchen-renovation-aali,https://rukn-eltatawer.com/bh/kitchen-renovation-aali/,5,1,22305,19068,PUT
557,kitchen-renovation-hamad-town,https://rukn-eltatawer.com/bh/kitchen-renovation-hamad-town/,5,1,23224,19791,PUT
556,kitchen-renovation-riffa,https://rukn-eltatawer.com/bh/kitchen-renovation-riffa/,6,1,23332,19624,PUT
555,kitchen-renovation-muharraq,https://rukn-eltatawer.com/bh/kitchen-renovation-muharraq/,5,1,23113,19782,PUT
554,kitchen-renovation-manama,https://rukn-eltatawer.com/bh/kitchen-renovation-manama/,5,1,23751,20352,PUT
553,bathroom-renovation-budaiya,https://rukn-eltatawer.com/bh/bathroom-renovation-budaiya/,5,1,23858,20621,PUT
552,bathroom-renovation-sitra,https://rukn-eltatawer.com/bh/bathroom-renovation-sitra/,4,1,23463,20817,PUT
551,bathroom-renovation-isa-town,https://rukn-eltatawer.com/bh/bathroom-renovation-isa-town/,4,1,23821,21165,PUT
550,bathroom-renovation-aali,https://rukn-eltatawer.com/bh/bathroom-renovation-aali/,5,1,23930,20691,PUT
549,bathroom-renovation-hamad-town,https://rukn-eltatawer.com/bh/bathroom-renovation-hamad-town/,4,1,23603,21015,PUT
548,bathroom-renovation-riffa,https://rukn-eltatawer.com/bh/bathroom-renovation-riffa/,4,1,23925,21227,PUT
547,bathroom-renovation-muharraq,https://rukn-eltatawer.com/bh/bathroom-renovation-muharraq/,5,1,24663,21330,PUT
546,bathroom-renovation-manama,https://rukn-eltatawer.com/bh/bathroom-renovation-manama/,6,1,24987,21257,PUT
545,tank-lining-maintenance-budaiya,https://rukn-eltatawer.com/bh/tank-lining-maintenance-budaiya/,4,1,22366,19782,PUT
544,tank-lining-maintenance-sitra,https://rukn-eltatawer.com/bh/tank-lining-maintenance-sitra/,5,1,23383,20118,PUT
543,tank-lining-maintenance-isa-town,https://rukn-eltatawer.com/bh/tank-lining-maintenance-isa-town/,6,1,24000,20316,PUT
542,tank-lining-maintenance-aali,https://rukn-eltatawer.com/bh/tank-lining-maintenance-aali/,4,1,22537,19899,PUT
541,tank-lining-maintenance-hamad-town,https://rukn-eltatawer.com/bh/tank-lining-maintenance-hamad-town/,4,1,23035,20447,PUT
540,tank-lining-maintenance-riffa,https://rukn-eltatawer.com/bh/tank-lining-maintenance-riffa/,5,1,24143,20704,PUT
539,tank-lining-maintenance-muharraq,https://rukn-eltatawer.com/bh/tank-lining-maintenance-muharraq/,6,1,24136,20408,PUT
538,tank-lining-maintenance-manama,https://rukn-eltatawer.com/bh/tank-lining-maintenance-manama/,5,1,24386,20959,PUT
537,humidity-treatment-budaiya,https://rukn-eltatawer.com/bh/humidity-treatment-budaiya/,4,1,22154,19570,PUT
536,humidity-treatment-sitra,https://rukn-eltatawer.com/bh/humidity-treatment-sitra/,4,1,22410,19764,PUT
535,humidity-treatment-isa-town,https://rukn-eltatawer.com/bh/humidity-treatment-isa-town/,6,1,23625,19903,PUT
534,humidity-treatment-aali,https://rukn-eltatawer.com/bh/humidity-treatment-aali/,4,1,22171,19533,PUT
533,humidity-treatment-hamad-town,https://rukn-eltatawer.com/bh/humidity-treatment-hamad-town/,5,1,23811,20300,PUT
532,humidity-treatment-riffa,https://rukn-eltatawer.com/bh/humidity-treatment-riffa/,4,1,23016,20318,PUT
531,humidity-treatment-muharraq,https://rukn-eltatawer.com/bh/humidity-treatment-muharraq/,5,1,23901,20448,PUT
530,humidity-treatment-manama,https://rukn-eltatawer.com/bh/humidity-treatment-manama/,6,1,24258,20450,PUT
529,soundproofing-budaiya,https://rukn-eltatawer.com/bh/soundproofing-budaiya/,6,1,24313,20607,PUT
528,soundproofing-sitra,https://rukn-eltatawer.com/bh/soundproofing-sitra/,5,1,24415,21182,PUT
527,soundproofing-isa-town,https://rukn-eltatawer.com/bh/soundproofing-isa-town/,6,1,25221,21415,PUT
526,soundproofing-aali,https://rukn-eltatawer.com/bh/soundproofing-aali/,5,1,24197,20838,PUT
525,soundproofing-hamad-town,https://rukn-eltatawer.com/bh/soundproofing-hamad-town/,4,1,23811,21223,PUT
524,soundproofing-riffa,https://rukn-eltatawer.com/bh/soundproofing-riffa/,6,1,24914,21184,PUT
523,soundproofing-muharraq,https://rukn-eltatawer.com/bh/soundproofing-muharraq/,6,1,25083,21279,PUT
522,soundproofing-manama,https://rukn-eltatawer.com/bh/soundproofing-manama/,5,1,25584,21941,PUT
521,waterproofing-budaiya,https://rukn-eltatawer.com/bh/waterproofing-budaiya/,5,1,24149,20874,PUT
520,waterproofing-sitra,https://rukn-eltatawer.com/bh/waterproofing-sitra/,4,1,23728,21082,PUT
519,waterproofing-isa-town,https://rukn-eltatawer.com/bh/waterproofing-isa-town/,4,1,24108,21452,PUT
518,waterproofing-aali,https://rukn-eltatawer.com/bh/waterproofing-aali/,4,1,23523,20885,PUT
517,waterproofing-hamad-town,https://rukn-eltatawer.com/bh/waterproofing-hamad-town/,6,1,25017,21173,PUT
516,waterproofing-riffa,https://rukn-eltatawer.com/bh/waterproofing-riffa/,4,1,24456,21758,PUT
515,waterproofing-muharraq,https://rukn-eltatawer.com/bh/waterproofing-muharraq/,4,1,24373,21743,PUT
514,waterproofing-manama,https://rukn-eltatawer.com/bh/waterproofing-manama/,6,1,25603,21795,PUT
513,thermal-insulation-budaiya,https://rukn-eltatawer.com/bh/thermal-insulation-budaiya/,6,1,24569,20787,PUT
512,thermal-insulation-sitra,https://rukn-eltatawer.com/bh/thermal-insulation-sitra/,4,1,23692,21046,PUT
511,thermal-insulation-isa-town,https://rukn-eltatawer.com/bh/thermal-insulation-isa-town/,4,1,24171,21515,PUT
510,thermal-insulation-aali,https://rukn-eltatawer.com/bh/thermal-insulation-aali/,6,1,24379,20651,PUT
509,thermal-insulation-hamad-town,https://rukn-eltatawer.com/bh/thermal-insulation-hamad-town/,4,1,23850,21262,PUT
508,thermal-insulation-riffa,https://rukn-eltatawer.com/bh/thermal-insulation-riffa/,6,1,25041,21257,PUT
507,thermal-insulation-muharraq,https://rukn-eltatawer.com/bh/thermal-insulation-muharraq/,4,1,24174,21544,PUT
506,thermal-insulation-manama,https://rukn-eltatawer.com/bh/thermal-insulation-manama/,4,1,24541,21865,PUT
505,kitchen-insulation-budaiya,https://rukn-eltatawer.com/bh/kitchen-insulation-budaiya/,4,1,23380,20796,PUT
504,kitchen-insulation-sitra,https://rukn-eltatawer.com/bh/kitchen-insulation-sitra/,6,1,24487,20783,PUT
503,kitchen-insulation-isa-town,https://rukn-eltatawer.com/bh/kitchen-insulation-isa-town/,4,1,24388,21732,PUT
502,kitchen-insulation-aali,https://rukn-eltatawer.com/bh/kitchen-insulation-aali/,5,1,24199,20966,PUT
501,kitchen-insulation-hamad-town,https://rukn-eltatawer.com/bh/kitchen-insulation-hamad-town/,4,1,23833,21245,PUT
500,kitchen-insulation-riffa,https://rukn-eltatawer.com/bh/kitchen-insulation-riffa/,5,1,24992,21613,PUT
499,kitchen-insulation-muharraq,https://rukn-eltatawer.com/bh/kitchen-insulation-muharraq/,4,1,24173,21543,PUT
498,kitchen-insulation-manama,https://rukn-eltatawer.com/bh/kitchen-insulation-manama/,6,1,25313,21583,PUT
497,bathroom-insulation-budaiya,https://rukn-eltatawer.com/bh/bathroom-insulation-budaiya/,6,1,24380,20644,PUT
496,bathroom-insulation-sitra,https://rukn-eltatawer.com/bh/bathroom-insulation-sitra/,6,1,24531,20827,PUT
495,bathroom-insulation-isa-town,https://rukn-eltatawer.com/bh/bathroom-insulation-isa-town/,4,1,24130,21474,PUT
494,bathroom-insulation-aali,https://rukn-eltatawer.com/bh/bathroom-insulation-aali/,6,1,24316,20614,PUT
493,bathroom-insulation-hamad-town,https://rukn-eltatawer.com/bh/bathroom-insulation-hamad-town/,6,1,25186,21424,PUT
492,bathroom-insulation-riffa,https://rukn-eltatawer.com/bh/bathroom-insulation-riffa/,5,1,25027,21644,PUT
491,bathroom-insulation-muharraq,https://rukn-eltatawer.com/bh/bathroom-insulation-muharraq/,4,1,24213,21583,PUT
490,bathroom-insulation-manama,https://rukn-eltatawer.com/bh/bathroom-insulation-manama/,4,1,24549,21873,PUT
489,tank-insulation-budaiya,https://rukn-eltatawer.com/bh/tank-insulation-budaiya/,6,1,24540,20880,PUT
488,tank-insulation-sitra,https://rukn-eltatawer.com/bh/tank-insulation-sitra/,6,1,24756,20980,PUT
487,tank-insulation-isa-town,https://rukn-eltatawer.com/bh/tank-insulation-isa-town/,4,1,24154,21498,PUT
486,tank-insulation-aali,https://rukn-eltatawer.com/bh/tank-insulation-aali/,5,1,24243,20954,PUT
485,tank-insulation-hamad-town,https://rukn-eltatawer.com/bh/tank-insulation-hamad-town/,5,1,24920,21585,PUT
484,tank-insulation-riffa,https://rukn-eltatawer.com/bh/tank-insulation-riffa/,6,1,24995,21265,PUT
483,tank-insulation-muharraq,https://rukn-eltatawer.com/bh/tank-insulation-muharraq/,6,1,25287,21471,PUT
482,tank-insulation-manama,https://rukn-eltatawer.com/bh/tank-insulation-manama/,6,1,25322,21592,PUT
481,roof-insulation-budaiya,https://rukn-eltatawer.com/bh/roof-insulation-budaiya/,4,1,23350,20766,PUT
480,roof-insulation-sitra,https://rukn-eltatawer.com/bh/roof-insulation-sitra/,5,1,24363,21130,PUT
479,roof-insulation-isa-town,https://rukn-eltatawer.com/bh/roof-insulation-isa-town/,5,1,24844,21557,PUT
478,roof-insulation-aali,https://rukn-eltatawer.com/bh/roof-insulation-aali/,6,1,24314,20586,PUT
477,roof-insulation-hamad-town,https://rukn-eltatawer.com/bh/roof-insulation-hamad-town/,4,1,23812,21224,PUT
476,roof-insulation-riffa,https://rukn-eltatawer.com/bh/roof-insulation-riffa/,5,1,24948,21573,PUT
475,roof-insulation-muharraq,https://rukn-eltatawer.com/bh/roof-insulation-muharraq/,4,1,24141,21511,PUT
474,roof-insulation-manama,https://rukn-eltatawer.com/bh/roof-insulation-manama/,5,1,25428,22033,PUT
473,ac-leak-detection-budaiya,https://rukn-eltatawer.com/bh/ac-leak-detection-budaiya/,5,1,25627,22378,PUT
472,ac-leak-detection-sitra,https://rukn-eltatawer.com/bh/ac-leak-detection-sitra/,6,1,25800,22096,PUT
471,ac-leak-detection-isa-town,https://rukn-eltatawer.com/bh/ac-leak-detection-isa-town/,6,1,26346,22624,PUT
470,ac-leak-detection-aali,https://rukn-eltatawer.com/bh/ac-leak-detection-aali/,4,1,25091,22453,PUT
469,ac-leak-detection-hamad-town,https://rukn-eltatawer.com/bh/ac-leak-detection-hamad-town/,6,1,26230,22470,PUT
468,ac-leak-detection-riffa,https://rukn-eltatawer.com/bh/ac-leak-detection-riffa/,4,1,25874,23176,PUT
467,ac-leak-detection-muharraq,https://rukn-eltatawer.com/bh/ac-leak-detection-muharraq/,6,1,26653,22837,PUT
466,ac-leak-detection-manama,https://rukn-eltatawer.com/bh/ac-leak-detection-manama/,5,1,26826,23411,PUT
465,gas-leak-detection-budaiya,https://rukn-eltatawer.com/bh/gas-leak-detection-budaiya/,5,1,25566,22207,PUT
464,gas-leak-detection-sitra,https://rukn-eltatawer.com/bh/gas-leak-detection-sitra/,6,1,25902,22242,PUT
463,gas-leak-detection-isa-town,https://rukn-eltatawer.com/bh/gas-leak-detection-isa-town/,6,1,26506,22700,PUT
462,gas-leak-detection-aali,https://rukn-eltatawer.com/bh/gas-leak-detection-aali/,5,1,25635,22322,PUT
461,gas-leak-detection-hamad-town,https://rukn-eltatawer.com/bh/gas-leak-detection-hamad-town/,6,1,26371,22527,PUT
460,gas-leak-detection-riffa,https://rukn-eltatawer.com/bh/gas-leak-detection-riffa/,4,1,25607,22909,PUT
459,gas-leak-detection-muharraq,https://rukn-eltatawer.com/bh/gas-leak-detection-muharraq/,5,1,26376,23039,PUT
458,gas-leak-detection-manama,https://rukn-eltatawer.com/bh/gas-leak-detection-manama/,5,1,26882,23223,PUT
457,water-leak-detection-budaiya,https://rukn-eltatawer.com/bh/water-leak-detection-budaiya/,4,1,24715,22131,PUT
456,water-leak-detection-sitra,https://rukn-eltatawer.com/bh/water-leak-detection-sitra/,6,1,25913,22253,PUT
455,water-leak-detection-isa-town,https://rukn-eltatawer.com/bh/water-leak-detection-isa-town/,5,1,26381,22928,PUT
454,water-leak-detection-aali,https://rukn-eltatawer.com/bh/water-leak-detection-aali/,5,1,25602,22225,PUT
453,water-leak-detection-hamad-town,https://rukn-eltatawer.com/bh/water-leak-detection-hamad-town/,4,1,25219,22631,PUT
452,water-leak-detection-riffa,https://rukn-eltatawer.com/bh/water-leak-detection-riffa/,5,1,26222,22895,PUT
451,water-leak-detection-muharraq,https://rukn-eltatawer.com/bh/water-leak-detection-muharraq/,4,1,25554,22924,PUT
450,water-leak-detection-manama,https://rukn-eltatawer.com/bh/water-leak-detection-manama/,6,1,26808,23024,PUT
449,air-purification-budaiya,https://rukn-eltatawer.com/bh/air-purification-budaiya/,5,1,23631,20264,PUT
448,air-purification-sitra,https://rukn-eltatawer.com/bh/air-purification-sitra/,5,1,23733,20326,PUT
447,air-purification-isa-town,https://rukn-eltatawer.com/bh/air-purification-isa-town/,5,1,24277,20796,PUT
446,air-purification-aali,https://rukn-eltatawer.com/bh/air-purification-aali/,4,1,22757,20119,PUT
445,air-purification-hamad-town,https://rukn-eltatawer.com/bh/air-purification-hamad-town/,6,1,24300,20538,PUT
444,air-purification-riffa,https://rukn-eltatawer.com/bh/air-purification-riffa/,5,1,24127,20772,PUT
443,air-purification-muharraq,https://rukn-eltatawer.com/bh/air-purification-muharraq/,6,1,24526,20710,PUT
442,air-purification-manama,https://rukn-eltatawer.com/bh/air-purification-manama/,4,1,23835,21159,PUT
441,tank-water-chiller-budaiya,https://rukn-eltatawer.com/bh/tank-water-chiller-budaiya/,5,1,25447,22158,PUT
440,tank-water-chiller-sitra,https://rukn-eltatawer.com/bh/tank-water-chiller-sitra/,5,1,25618,22317,PUT
439,tank-water-chiller-isa-town,https://rukn-eltatawer.com/bh/tank-water-chiller-isa-town/,6,1,26425,22619,PUT
438,tank-water-chiller-aali,https://rukn-eltatawer.com/bh/tank-water-chiller-aali/,4,1,24678,22040,PUT
437,tank-water-chiller-hamad-town,https://rukn-eltatawer.com/bh/tank-water-chiller-hamad-town/,6,1,26311,22467,PUT
436,tank-water-chiller-riffa,https://rukn-eltatawer.com/bh/tank-water-chiller-riffa/,4,1,25378,22680,PUT
435,tank-water-chiller-muharraq,https://rukn-eltatawer.com/bh/tank-water-chiller-muharraq/,4,1,25283,22653,PUT
434,tank-water-chiller-manama,https://rukn-eltatawer.com/bh/tank-water-chiller-manama/,5,1,26708,23253,PUT
433,water-filters-budaiya,https://rukn-eltatawer.com/bh/water-filters-budaiya/,5,1,23081,19822,PUT
432,water-filters-sitra,https://rukn-eltatawer.com/bh/water-filters-sitra/,4,1,22695,20049,PUT
431,water-filters-isa-town,https://rukn-eltatawer.com/bh/water-filters-isa-town/,6,1,23955,20271,PUT
430,water-filters-aali,https://rukn-eltatawer.com/bh/water-filters-aali/,6,1,23332,19676,PUT
429,water-filters-hamad-town,https://rukn-eltatawer.com/bh/water-filters-hamad-town/,6,1,24081,20319,PUT
428,water-filters-riffa,https://rukn-eltatawer.com/bh/water-filters-riffa/,5,1,24095,20660,PUT
427,water-filters-muharraq,https://rukn-eltatawer.com/bh/water-filters-muharraq/,5,1,23870,20515,PUT
426,water-filters-manama,https://rukn-eltatawer.com/bh/water-filters-manama/,4,1,23516,20840,PUT
425,ro-plants-budaiya,https://rukn-eltatawer.com/bh/ro-plants-budaiya/,6,1,23618,19882,PUT
424,ro-plants-sitra,https://rukn-eltatawer.com/bh/ro-plants-sitra/,4,1,22832,20186,PUT
423,ro-plants-isa-town,https://rukn-eltatawer.com/bh/ro-plants-isa-town/,4,1,23575,20919,PUT
422,ro-plants-aali,https://rukn-eltatawer.com/bh/ro-plants-aali/,6,1,23448,19746,PUT
421,ro-plants-hamad-town,https://rukn-eltatawer.com/bh/ro-plants-hamad-town/,6,1,24095,20335,PUT
420,ro-plants-riffa,https://rukn-eltatawer.com/bh/ro-plants-riffa/,5,1,24425,20958,PUT
419,ro-plants-muharraq,https://rukn-eltatawer.com/bh/ro-plants-muharraq/,4,1,23389,20759,PUT
418,ro-plants-manama,https://rukn-eltatawer.com/bh/ro-plants-manama/,4,1,23891,21215,PUT
417,water-pumps-budaiya,https://rukn-eltatawer.com/bh/water-pumps-budaiya/,6,1,24669,20963,PUT
416,water-pumps-sitra,https://rukn-eltatawer.com/bh/water-pumps-sitra/,4,1,24068,21422,PUT
415,water-pumps-isa-town,https://rukn-eltatawer.com/bh/water-pumps-isa-town/,5,1,25432,21949,PUT
414,water-pumps-aali,https://rukn-eltatawer.com/bh/water-pumps-aali/,5,1,24770,21363,PUT
413,water-pumps-hamad-town,https://rukn-eltatawer.com/bh/water-pumps-hamad-town/,4,1,24317,21729,PUT
412,water-pumps-riffa,https://rukn-eltatawer.com/bh/water-pumps-riffa/,4,1,24551,21853,PUT
411,water-pumps-muharraq,https://rukn-eltatawer.com/bh/water-pumps-muharraq/,6,1,25490,21686,PUT
410,water-pumps-manama,https://rukn-eltatawer.com/bh/water-pumps-manama/,5,1,25865,22424,PUT
409,kitchen-hoods-budaiya,https://rukn-eltatawer.com/bh/kitchen-hoods-budaiya/,6,1,23349,19613,PUT
408,kitchen-hoods-sitra,https://rukn-eltatawer.com/bh/kitchen-hoods-sitra/,4,1,22755,20109,PUT
407,kitchen-hoods-isa-town,https://rukn-eltatawer.com/bh/kitchen-hoods-isa-town/,5,1,23877,20552,PUT
406,kitchen-hoods-aali,https://rukn-eltatawer.com/bh/kitchen-hoods-aali/,6,1,23264,19562,PUT
405,kitchen-hoods-hamad-town,https://rukn-eltatawer.com/bh/kitchen-hoods-hamad-town/,4,1,22912,20324,PUT
404,kitchen-hoods-riffa,https://rukn-eltatawer.com/bh/kitchen-hoods-riffa/,5,1,24068,20563,PUT
403,kitchen-hoods-muharraq,https://rukn-eltatawer.com/bh/kitchen-hoods-muharraq/,5,1,24235,20708,PUT
402,kitchen-hoods-manama,https://rukn-eltatawer.com/bh/kitchen-hoods-manama/,6,1,24644,20836,PUT
401,vacuum-maintenance-budaiya,https://rukn-eltatawer.com/bh/vacuum-maintenance-budaiya/,6,1,23226,19566,PUT
400,vacuum-maintenance-sitra,https://rukn-eltatawer.com/bh/vacuum-maintenance-sitra/,4,1,22482,19836,PUT
399,vacuum-maintenance-isa-town,https://rukn-eltatawer.com/bh/vacuum-maintenance-isa-town/,6,1,23818,20050,PUT
398,vacuum-maintenance-aali,https://rukn-eltatawer.com/bh/vacuum-maintenance-aali/,5,1,23118,19789,PUT
397,vacuum-maintenance-hamad-town,https://rukn-eltatawer.com/bh/vacuum-maintenance-hamad-town/,5,1,23839,20330,PUT
396,vacuum-maintenance-riffa,https://rukn-eltatawer.com/bh/vacuum-maintenance-riffa/,6,1,23927,20121,PUT
395,vacuum-maintenance-muharraq,https://rukn-eltatawer.com/bh/vacuum-maintenance-muharraq/,6,1,23986,20258,PUT
394,vacuum-maintenance-manama,https://rukn-eltatawer.com/bh/vacuum-maintenance-manama/,6,1,24033,20303,PUT
393,water-cooler-maintenance-budaiya,https://rukn-eltatawer.com/bh/water-cooler-maintenance-budaiya/,6,1,23022,19316,PUT
392,water-cooler-maintenance-sitra,https://rukn-eltatawer.com/bh/water-cooler-maintenance-sitra/,6,1,23347,19615,PUT
391,water-cooler-maintenance-isa-town,https://rukn-eltatawer.com/bh/water-cooler-maintenance-isa-town/,5,1,23549,20240,PUT
390,water-cooler-maintenance-aali,https://rukn-eltatawer.com/bh/water-cooler-maintenance-aali/,6,1,23230,19456,PUT
389,water-cooler-maintenance-hamad-town,https://rukn-eltatawer.com/bh/water-cooler-maintenance-hamad-town/,4,1,22604,20016,PUT
388,water-cooler-maintenance-riffa,https://rukn-eltatawer.com/bh/water-cooler-maintenance-riffa/,6,1,23770,19986,PUT
387,water-cooler-maintenance-muharraq,https://rukn-eltatawer.com/bh/water-cooler-maintenance-muharraq/,6,1,23957,20141,PUT
386,water-cooler-maintenance-manama,https://rukn-eltatawer.com/bh/water-cooler-maintenance-manama/,4,1,23176,20500,PUT
385,water-heater-maintenance-budaiya,https://rukn-eltatawer.com/bh/water-heater-maintenance-budaiya/,6,1,23860,20154,PUT
384,water-heater-maintenance-sitra,https://rukn-eltatawer.com/bh/water-heater-maintenance-sitra/,5,1,24095,20726,PUT
383,water-heater-maintenance-isa-town,https://rukn-eltatawer.com/bh/water-heater-maintenance-isa-town/,5,1,24441,21142,PUT
382,water-heater-maintenance-aali,https://rukn-eltatawer.com/bh/water-heater-maintenance-aali/,6,1,23873,20145,PUT
381,water-heater-maintenance-hamad-town,https://rukn-eltatawer.com/bh/water-heater-maintenance-hamad-town/,4,1,23502,20914,PUT
380,water-heater-maintenance-riffa,https://rukn-eltatawer.com/bh/water-heater-maintenance-riffa/,6,1,24534,20804,PUT
379,water-heater-maintenance-muharraq,https://rukn-eltatawer.com/bh/water-heater-maintenance-muharraq/,5,1,24707,21290,PUT
378,water-heater-maintenance-manama,https://rukn-eltatawer.com/bh/water-heater-maintenance-manama/,4,1,24343,21667,PUT
377,microwave-maintenance-budaiya,https://rukn-eltatawer.com/bh/microwave-maintenance-budaiya/,5,1,22772,19531,PUT
376,microwave-maintenance-sitra,https://rukn-eltatawer.com/bh/microwave-maintenance-sitra/,5,1,23025,19652,PUT
375,microwave-maintenance-isa-town,https://rukn-eltatawer.com/bh/microwave-maintenance-isa-town/,5,1,23566,20119,PUT
374,microwave-maintenance-aali,https://rukn-eltatawer.com/bh/microwave-maintenance-aali/,4,1,22106,19468,PUT
373,microwave-maintenance-hamad-town,https://rukn-eltatawer.com/bh/microwave-maintenance-hamad-town/,6,1,23640,19878,PUT
372,microwave-maintenance-riffa,https://rukn-eltatawer.com/bh/microwave-maintenance-riffa/,6,1,23657,19873,PUT
371,microwave-maintenance-muharraq,https://rukn-eltatawer.com/bh/microwave-maintenance-muharraq/,4,1,22774,20144,PUT
370,microwave-maintenance-manama,https://rukn-eltatawer.com/bh/microwave-maintenance-manama/,5,1,23979,20572,PUT
369,dryer-maintenance-budaiya,https://rukn-eltatawer.com/bh/dryer-maintenance-budaiya/,5,1,22773,19482,PUT
368,dryer-maintenance-sitra,https://rukn-eltatawer.com/bh/dryer-maintenance-sitra/,6,1,23201,19425,PUT
367,dryer-maintenance-isa-town,https://rukn-eltatawer.com/bh/dryer-maintenance-isa-town/,6,1,23684,19878,PUT
366,dryer-maintenance-aali,https://rukn-eltatawer.com/bh/dryer-maintenance-aali/,5,1,22586,19339,PUT
365,dryer-maintenance-hamad-town,https://rukn-eltatawer.com/bh/dryer-maintenance-hamad-town/,4,1,22392,19804,PUT
364,dryer-maintenance-riffa,https://rukn-eltatawer.com/bh/dryer-maintenance-riffa/,5,1,23411,20098,PUT
363,dryer-maintenance-muharraq,https://rukn-eltatawer.com/bh/dryer-maintenance-muharraq/,5,1,23694,20193,PUT
362,dryer-maintenance-manama,https://rukn-eltatawer.com/bh/dryer-maintenance-manama/,6,1,23985,20279,PUT
361,washer-maintenance-budaiya,https://rukn-eltatawer.com/bh/washer-maintenance-budaiya/,4,1,21964,19380,PUT
360,washer-maintenance-sitra,https://rukn-eltatawer.com/bh/washer-maintenance-sitra/,4,1,22388,19742,PUT
359,washer-maintenance-isa-town,https://rukn-eltatawer.com/bh/washer-maintenance-isa-town/,5,1,23364,20065,PUT
358,washer-maintenance-aali,https://rukn-eltatawer.com/bh/washer-maintenance-aali/,4,1,21897,19259,PUT
357,washer-maintenance-hamad-town,https://rukn-eltatawer.com/bh/washer-maintenance-hamad-town/,6,1,23565,19721,PUT
356,washer-maintenance-riffa,https://rukn-eltatawer.com/bh/washer-maintenance-riffa/,6,1,23577,19869,PUT
355,washer-maintenance-muharraq,https://rukn-eltatawer.com/bh/washer-maintenance-muharraq/,5,1,23641,20224,PUT
354,washer-maintenance-manama,https://rukn-eltatawer.com/bh/washer-maintenance-manama/,6,1,23787,20057,PUT
353,fridge-maintenance-budaiya,https://rukn-eltatawer.com/bh/fridge-maintenance-budaiya/,6,1,22901,19165,PUT
352,fridge-maintenance-sitra,https://rukn-eltatawer.com/bh/fridge-maintenance-sitra/,5,1,23055,19686,PUT
351,fridge-maintenance-isa-town,https://rukn-eltatawer.com/bh/fridge-maintenance-isa-town/,6,1,23594,19910,PUT
350,fridge-maintenance-aali,https://rukn-eltatawer.com/bh/fridge-maintenance-aali/,6,1,22836,19108,PUT
349,fridge-maintenance-hamad-town,https://rukn-eltatawer.com/bh/fridge-maintenance-hamad-town/,5,1,23254,19915,PUT
348,fridge-maintenance-riffa,https://rukn-eltatawer.com/bh/fridge-maintenance-riffa/,6,1,23444,19714,PUT
347,fridge-maintenance-muharraq,https://rukn-eltatawer.com/bh/fridge-maintenance-muharraq/,6,1,23743,20015,PUT
346,fridge-maintenance-manama,https://rukn-eltatawer.com/bh/fridge-maintenance-manama/,4,1,23252,20576,PUT
345,appliance-maintenance-budaiya,https://rukn-eltatawer.com/bh/appliance-maintenance-budaiya/,6,1,23401,19619,PUT
344,appliance-maintenance-sitra,https://rukn-eltatawer.com/bh/appliance-maintenance-sitra/,6,1,23293,19589,PUT
343,appliance-maintenance-isa-town,https://rukn-eltatawer.com/bh/appliance-maintenance-isa-town/,4,1,22976,20320,PUT
342,appliance-maintenance-aali,https://rukn-eltatawer.com/bh/appliance-maintenance-aali/,5,1,23284,19939,PUT
341,appliance-maintenance-hamad-town,https://rukn-eltatawer.com/bh/appliance-maintenance-hamad-town/,6,1,23793,20033,PUT
340,appliance-maintenance-riffa,https://rukn-eltatawer.com/bh/appliance-maintenance-riffa/,5,1,23875,20538,PUT
339,appliance-maintenance-muharraq,https://rukn-eltatawer.com/bh/appliance-maintenance-muharraq/,4,1,23152,20522,PUT
338,appliance-maintenance-manama,https://rukn-eltatawer.com/bh/appliance-maintenance-manama/,5,1,24527,21102,PUT
337,stove-maintenance-budaiya,https://rukn-eltatawer.com/bh/stove-maintenance-budaiya/,6,1,23144,19362,PUT
336,stove-maintenance-sitra,https://rukn-eltatawer.com/bh/stove-maintenance-sitra/,5,1,23066,19753,PUT
335,stove-maintenance-isa-town,https://rukn-eltatawer.com/bh/stove-maintenance-isa-town/,4,1,22774,20118,PUT
334,stove-maintenance-aali,https://rukn-eltatawer.com/bh/stove-maintenance-aali/,5,1,22841,19468,PUT
333,stove-maintenance-hamad-town,https://rukn-eltatawer.com/bh/stove-maintenance-hamad-town/,4,1,22476,19888,PUT
332,stove-maintenance-riffa,https://rukn-eltatawer.com/bh/stove-maintenance-riffa/,4,1,22896,20198,PUT
331,stove-maintenance-muharraq,https://rukn-eltatawer.com/bh/stove-maintenance-muharraq/,4,1,22975,20345,PUT
330,stove-maintenance-manama,https://rukn-eltatawer.com/bh/stove-maintenance-manama/,4,1,23114,20438,PUT
329,oven-maintenance-budaiya,https://rukn-eltatawer.com/bh/oven-maintenance-budaiya/,4,1,21923,19339,PUT
328,oven-maintenance-sitra,https://rukn-eltatawer.com/bh/oven-maintenance-sitra/,4,1,22389,19743,PUT
327,oven-maintenance-isa-town,https://rukn-eltatawer.com/bh/oven-maintenance-isa-town/,6,1,23561,19877,PUT
326,oven-maintenance-aali,https://rukn-eltatawer.com/bh/oven-maintenance-aali/,6,1,22916,19260,PUT
325,oven-maintenance-hamad-town,https://rukn-eltatawer.com/bh/oven-maintenance-hamad-town/,4,1,22295,19707,PUT
324,oven-maintenance-riffa,https://rukn-eltatawer.com/bh/oven-maintenance-riffa/,5,1,23308,19993,PUT
323,oven-maintenance-muharraq,https://rukn-eltatawer.com/bh/oven-maintenance-muharraq/,5,1,23676,20263,PUT
322,oven-maintenance-manama,https://rukn-eltatawer.com/bh/oven-maintenance-manama/,5,1,24028,20557,PUT
321,automatic-doors-maintenance-budaiya,https://rukn-eltatawer.com/bh/automatic-doors-maintenance-budaiya/,5,1,23150,19777,PUT
320,automatic-doors-maintenance-sitra,https://rukn-eltatawer.com/bh/automatic-doors-maintenance-sitra/,5,1,23472,20127,PUT
319,automatic-doors-maintenance-isa-town,https://rukn-eltatawer.com/bh/automatic-doors-maintenance-isa-town/,4,1,23215,20559,PUT
318,automatic-doors-maintenance-aali,https://rukn-eltatawer.com/bh/automatic-doors-maintenance-aali/,4,1,22622,19984,PUT
317,automatic-doors-maintenance-hamad-town,https://rukn-eltatawer.com/bh/automatic-doors-maintenance-hamad-town/,5,1,23994,20479,PUT
316,automatic-doors-maintenance-riffa,https://rukn-eltatawer.com/bh/automatic-doors-maintenance-riffa/,4,1,23047,20349,PUT
315,automatic-doors-maintenance-muharraq,https://rukn-eltatawer.com/bh/automatic-doors-maintenance-muharraq/,5,1,23927,20576,PUT
314,automatic-doors-maintenance-manama,https://rukn-eltatawer.com/bh/automatic-doors-maintenance-manama/,4,1,23533,20857,PUT
313,cctv-maintenance-budaiya,https://rukn-eltatawer.com/bh/cctv-maintenance-budaiya/,6,1,23201,19465,PUT
312,cctv-maintenance-sitra,https://rukn-eltatawer.com/bh/cctv-maintenance-sitra/,5,1,23229,19972,PUT
311,cctv-maintenance-isa-town,https://rukn-eltatawer.com/bh/cctv-maintenance-isa-town/,5,1,23676,20361,PUT
310,cctv-maintenance-aali,https://rukn-eltatawer.com/bh/cctv-maintenance-aali/,5,1,23118,19735,PUT
309,cctv-maintenance-hamad-town,https://rukn-eltatawer.com/bh/cctv-maintenance-hamad-town/,5,1,23635,20278,PUT
308,cctv-maintenance-riffa,https://rukn-eltatawer.com/bh/cctv-maintenance-riffa/,6,1,23906,20198,PUT
307,cctv-maintenance-muharraq,https://rukn-eltatawer.com/bh/cctv-maintenance-muharraq/,5,1,23998,20549,PUT
306,cctv-maintenance-manama,https://rukn-eltatawer.com/bh/cctv-maintenance-manama/,5,1,24561,20894,PUT
305,elevator-maintenance-budaiya,https://rukn-eltatawer.com/bh/elevator-maintenance-budaiya/,6,1,22794,19088,PUT
304,elevator-maintenance-sitra,https://rukn-eltatawer.com/bh/elevator-maintenance-sitra/,5,1,22890,19523,PUT
303,elevator-maintenance-isa-town,https://rukn-eltatawer.com/bh/elevator-maintenance-isa-town/,5,1,23436,20087,PUT
302,elevator-maintenance-aali,https://rukn-eltatawer.com/bh/elevator-maintenance-aali/,6,1,22952,19178,PUT
301,elevator-maintenance-hamad-town,https://rukn-eltatawer.com/bh/elevator-maintenance-hamad-town/,6,1,23615,19773,PUT
300,elevator-maintenance-riffa,https://rukn-eltatawer.com/bh/elevator-maintenance-riffa/,4,1,22952,20254,PUT
299,elevator-maintenance-muharraq,https://rukn-eltatawer.com/bh/elevator-maintenance-muharraq/,4,1,22459,19829,PUT
298,elevator-maintenance-manama,https://rukn-eltatawer.com/bh/elevator-maintenance-manama/,4,1,23251,20575,PUT
297,pool-maintenance-budaiya,https://rukn-eltatawer.com/bh/pool-maintenance-budaiya/,4,1,21776,19192,PUT
296,pool-maintenance-sitra,https://rukn-eltatawer.com/bh/pool-maintenance-sitra/,5,1,22732,19493,PUT
295,pool-maintenance-isa-town,https://rukn-eltatawer.com/bh/pool-maintenance-isa-town/,6,1,23404,19636,PUT
294,pool-maintenance-aali,https://rukn-eltatawer.com/bh/pool-maintenance-aali/,5,1,22590,19297,PUT
293,pool-maintenance-hamad-town,https://rukn-eltatawer.com/bh/pool-maintenance-hamad-town/,6,1,23233,19473,PUT
292,pool-maintenance-riffa,https://rukn-eltatawer.com/bh/pool-maintenance-riffa/,4,1,22640,19942,PUT
291,pool-maintenance-muharraq,https://rukn-eltatawer.com/bh/pool-maintenance-muharraq/,4,1,22474,19844,PUT
290,pool-maintenance-manama,https://rukn-eltatawer.com/bh/pool-maintenance-manama/,6,1,23562,19832,PUT
289,split-ac-maintenance-budaiya,https://rukn-eltatawer.com/bh/split-ac-maintenance-budaiya/,4,1,23678,21094,PUT
288,split-ac-maintenance-sitra,https://rukn-eltatawer.com/bh/split-ac-maintenance-sitra/,4,1,24078,21432,PUT
287,split-ac-maintenance-isa-town,https://rukn-eltatawer.com/bh/split-ac-maintenance-isa-town/,6,1,25351,21629,PUT
286,split-ac-maintenance-aali,https://rukn-eltatawer.com/bh/split-ac-maintenance-aali/,6,1,24618,20916,PUT
285,split-ac-maintenance-hamad-town,https://rukn-eltatawer.com/bh/split-ac-maintenance-hamad-town/,5,1,25425,21964,PUT
284,split-ac-maintenance-riffa,https://rukn-eltatawer.com/bh/split-ac-maintenance-riffa/,5,1,25490,22075,PUT
283,split-ac-maintenance-muharraq,https://rukn-eltatawer.com/bh/split-ac-maintenance-muharraq/,4,1,24521,21891,PUT
282,split-ac-maintenance-manama,https://rukn-eltatawer.com/bh/split-ac-maintenance-manama/,6,1,25669,21939,PUT
281,central-ac-maintenance-budaiya,https://rukn-eltatawer.com/bh/central-ac-maintenance-budaiya/,5,1,24615,21304,PUT
280,central-ac-maintenance-sitra,https://rukn-eltatawer.com/bh/central-ac-maintenance-sitra/,6,1,24788,21084,PUT
279,central-ac-maintenance-isa-town,https://rukn-eltatawer.com/bh/central-ac-maintenance-isa-town/,5,1,25257,21952,PUT
278,central-ac-maintenance-aali,https://rukn-eltatawer.com/bh/central-ac-maintenance-aali/,6,1,24701,20973,PUT
277,central-ac-maintenance-hamad-town,https://rukn-eltatawer.com/bh/central-ac-maintenance-hamad-town/,6,1,25468,21626,PUT
276,central-ac-maintenance-riffa,https://rukn-eltatawer.com/bh/central-ac-maintenance-riffa/,4,1,24523,21825,PUT
275,central-ac-maintenance-muharraq,https://rukn-eltatawer.com/bh/central-ac-maintenance-muharraq/,5,1,25457,21946,PUT
274,central-ac-maintenance-manama,https://rukn-eltatawer.com/bh/central-ac-maintenance-manama/,6,1,25702,21972,PUT
273,plumbing-maintenance-budaiya,https://rukn-eltatawer.com/bh/plumbing-maintenance-budaiya/,5,1,23749,20400,PUT
272,plumbing-maintenance-sitra,https://rukn-eltatawer.com/bh/plumbing-maintenance-sitra/,6,1,24221,20561,PUT
271,plumbing-maintenance-isa-town,https://rukn-eltatawer.com/bh/plumbing-maintenance-isa-town/,6,1,24483,20761,PUT
270,plumbing-maintenance-aali,https://rukn-eltatawer.com/bh/plumbing-maintenance-aali/,4,1,22944,20306,PUT
269,plumbing-maintenance-hamad-town,https://rukn-eltatawer.com/bh/plumbing-maintenance-hamad-town/,5,1,24491,21000,PUT
268,plumbing-maintenance-riffa,https://rukn-eltatawer.com/bh/plumbing-maintenance-riffa/,4,1,23725,21027,PUT
267,plumbing-maintenance-muharraq,https://rukn-eltatawer.com/bh/plumbing-maintenance-muharraq/,4,1,23552,20922,PUT
266,plumbing-maintenance-manama,https://rukn-eltatawer.com/bh/plumbing-maintenance-manama/,4,1,24005,21329,PUT
265,electrical-maintenance-budaiya,https://rukn-eltatawer.com/bh/electrical-maintenance-budaiya/,5,1,22758,19407,PUT
264,electrical-maintenance-sitra,https://rukn-eltatawer.com/bh/electrical-maintenance-sitra/,4,1,22257,19611,PUT
263,electrical-maintenance-isa-town,https://rukn-eltatawer.com/bh/electrical-maintenance-isa-town/,5,1,23462,20019,PUT
262,electrical-maintenance-aali,https://rukn-eltatawer.com/bh/electrical-maintenance-aali/,6,1,22894,19238,PUT
261,electrical-maintenance-hamad-town,https://rukn-eltatawer.com/bh/electrical-maintenance-hamad-town/,6,1,23635,19873,PUT
260,electrical-maintenance-riffa,https://rukn-eltatawer.com/bh/electrical-maintenance-riffa/,6,1,23585,19801,PUT
259,electrical-maintenance-muharraq,https://rukn-eltatawer.com/bh/electrical-maintenance-muharraq/,6,1,23739,20011,PUT
258,electrical-maintenance-manama,https://rukn-eltatawer.com/bh/electrical-maintenance-manama/,5,1,23937,20536,PUT
257,building-maintenance-budaiya,https://rukn-eltatawer.com/bh/building-maintenance-budaiya/,4,1,21946,19362,PUT
256,building-maintenance-sitra,https://rukn-eltatawer.com/bh/building-maintenance-sitra/,5,1,22916,19549,PUT
255,building-maintenance-isa-town,https://rukn-eltatawer.com/bh/building-maintenance-isa-town/,4,1,22482,19826,PUT
254,building-maintenance-aali,https://rukn-eltatawer.com/bh/building-maintenance-aali/,6,1,22939,19165,PUT
253,building-maintenance-hamad-town,https://rukn-eltatawer.com/bh/building-maintenance-hamad-town/,4,1,22557,19969,PUT
252,building-maintenance-riffa,https://rukn-eltatawer.com/bh/building-maintenance-riffa/,4,1,22947,20249,PUT
251,building-maintenance-muharraq,https://rukn-eltatawer.com/bh/building-maintenance-muharraq/,4,1,22515,19885,PUT
250,building-maintenance-manama,https://rukn-eltatawer.com/bh/building-maintenance-manama/,5,1,23783,20382,PUT
249,general-maintenance-budaiya,https://rukn-eltatawer.com/bh/general-maintenance-budaiya/,6,1,22854,19118,PUT
248,general-maintenance-sitra,https://rukn-eltatawer.com/bh/general-maintenance-sitra/,6,1,23051,19391,PUT
247,general-maintenance-isa-town,https://rukn-eltatawer.com/bh/general-maintenance-isa-town/,6,1,23503,19735,PUT
246,general-maintenance-aali,https://rukn-eltatawer.com/bh/general-maintenance-aali/,4,1,22113,19475,PUT
245,general-maintenance-hamad-town,https://rukn-eltatawer.com/bh/general-maintenance-hamad-town/,5,1,23362,19933,PUT
244,general-maintenance-riffa,https://rukn-eltatawer.com/bh/general-maintenance-riffa/,6,1,23565,19857,PUT
243,general-maintenance-muharraq,https://rukn-eltatawer.com/bh/general-maintenance-muharraq/,4,1,22643,20013,PUT
242,general-maintenance-manama,https://rukn-eltatawer.com/bh/general-maintenance-manama/,5,1,23886,20489,PUT
241,chimney-cleaning-budaiya,https://rukn-eltatawer.com/bh/chimney-cleaning-budaiya/,4,1,24132,21548,PUT
240,chimney-cleaning-sitra,https://rukn-eltatawer.com/bh/chimney-cleaning-sitra/,5,1,25326,21981,PUT
239,chimney-cleaning-isa-town,https://rukn-eltatawer.com/bh/chimney-cleaning-isa-town/,4,1,25155,22499,PUT
238,chimney-cleaning-aali,https://rukn-eltatawer.com/bh/chimney-cleaning-aali/,6,1,25186,21530,PUT
237,chimney-cleaning-hamad-town,https://rukn-eltatawer.com/bh/chimney-cleaning-hamad-town/,6,1,25607,21847,PUT
236,chimney-cleaning-riffa,https://rukn-eltatawer.com/bh/chimney-cleaning-riffa/,6,1,25909,22201,PUT
235,chimney-cleaning-muharraq,https://rukn-eltatawer.com/bh/chimney-cleaning-muharraq/,6,1,25732,21992,PUT
234,chimney-cleaning-manama,https://rukn-eltatawer.com/bh/chimney-cleaning-manama/,5,1,26253,22830,PUT
233,duct-cleaning-budaiya,https://rukn-eltatawer.com/bh/duct-cleaning-budaiya/,6,1,25253,21471,PUT
232,duct-cleaning-sitra,https://rukn-eltatawer.com/bh/duct-cleaning-sitra/,6,1,25387,21727,PUT
231,duct-cleaning-isa-town,https://rukn-eltatawer.com/bh/duct-cleaning-isa-town/,6,1,25816,22048,PUT
230,duct-cleaning-aali,https://rukn-eltatawer.com/bh/duct-cleaning-aali/,4,1,24170,21532,PUT
229,duct-cleaning-hamad-town,https://rukn-eltatawer.com/bh/duct-cleaning-hamad-town/,4,1,24559,21971,PUT
228,duct-cleaning-riffa,https://rukn-eltatawer.com/bh/duct-cleaning-riffa/,5,1,25797,22288,PUT
227,duct-cleaning-muharraq,https://rukn-eltatawer.com/bh/duct-cleaning-muharraq/,4,1,24897,22267,PUT
226,duct-cleaning-manama,https://rukn-eltatawer.com/bh/duct-cleaning-manama/,6,1,26182,22398,PUT
225,deep-cleaning-budaiya,https://rukn-eltatawer.com/bh/deep-cleaning-budaiya/,6,1,25036,21254,PUT
224,deep-cleaning-sitra,https://rukn-eltatawer.com/bh/deep-cleaning-sitra/,6,1,25111,21379,PUT
223,deep-cleaning-isa-town,https://rukn-eltatawer.com/bh/deep-cleaning-isa-town/,5,1,25587,22134,PUT
222,deep-cleaning-aali,https://rukn-eltatawer.com/bh/deep-cleaning-aali/,5,1,24797,21480,PUT
221,deep-cleaning-hamad-town,https://rukn-eltatawer.com/bh/deep-cleaning-hamad-town/,6,1,25678,21836,PUT
220,deep-cleaning-riffa,https://rukn-eltatawer.com/bh/deep-cleaning-riffa/,4,1,24791,22093,PUT
219,deep-cleaning-muharraq,https://rukn-eltatawer.com/bh/deep-cleaning-muharraq/,5,1,25605,22266,PUT
218,deep-cleaning-manama,https://rukn-eltatawer.com/bh/deep-cleaning-manama/,4,1,24994,22318,PUT
217,garage-cleaning-budaiya,https://rukn-eltatawer.com/bh/garage-cleaning-budaiya/,5,1,25037,21768,PUT
216,garage-cleaning-sitra,https://rukn-eltatawer.com/bh/garage-cleaning-sitra/,4,1,24810,22164,PUT
215,garage-cleaning-isa-town,https://rukn-eltatawer.com/bh/garage-cleaning-isa-town/,6,1,26044,22238,PUT
214,garage-cleaning-aali,https://rukn-eltatawer.com/bh/garage-cleaning-aali/,4,1,24321,21683,PUT
213,garage-cleaning-hamad-town,https://rukn-eltatawer.com/bh/garage-cleaning-hamad-town/,6,1,25867,22023,PUT
212,garage-cleaning-riffa,https://rukn-eltatawer.com/bh/garage-cleaning-riffa/,4,1,24979,22281,PUT
211,garage-cleaning-muharraq,https://rukn-eltatawer.com/bh/garage-cleaning-muharraq/,5,1,26039,22566,PUT
210,garage-cleaning-manama,https://rukn-eltatawer.com/bh/garage-cleaning-manama/,5,1,26616,22937,PUT
209,stone-facade-cleaning-budaiya,https://rukn-eltatawer.com/bh/stone-facade-cleaning-budaiya/,4,1,23897,21313,PUT
208,stone-facade-cleaning-sitra,https://rukn-eltatawer.com/bh/stone-facade-cleaning-sitra/,6,1,25257,21481,PUT
207,stone-facade-cleaning-isa-town,https://rukn-eltatawer.com/bh/stone-facade-cleaning-isa-town/,6,1,25666,21898,PUT
206,stone-facade-cleaning-aali,https://rukn-eltatawer.com/bh/stone-facade-cleaning-aali/,6,1,25031,21375,PUT
205,stone-facade-cleaning-hamad-town,https://rukn-eltatawer.com/bh/stone-facade-cleaning-hamad-town/,5,1,25350,21999,PUT
204,stone-facade-cleaning-riffa,https://rukn-eltatawer.com/bh/stone-facade-cleaning-riffa/,6,1,25710,22002,PUT
203,stone-facade-cleaning-muharraq,https://rukn-eltatawer.com/bh/stone-facade-cleaning-muharraq/,4,1,24548,21918,PUT
202,stone-facade-cleaning-manama,https://rukn-eltatawer.com/bh/stone-facade-cleaning-manama/,4,1,25164,22488,PUT
201,glass-facade-cleaning-budaiya,https://rukn-eltatawer.com/bh/glass-facade-cleaning-budaiya/,6,1,25172,21390,PUT
200,glass-facade-cleaning-sitra,https://rukn-eltatawer.com/bh/glass-facade-cleaning-sitra/,5,1,25078,21695,PUT
199,glass-facade-cleaning-isa-town,https://rukn-eltatawer.com/bh/glass-facade-cleaning-isa-town/,4,1,24780,22124,PUT
198,glass-facade-cleaning-aali,https://rukn-eltatawer.com/bh/glass-facade-cleaning-aali/,4,1,24081,21443,PUT
197,glass-facade-cleaning-hamad-town,https://rukn-eltatawer.com/bh/glass-facade-cleaning-hamad-town/,5,1,25627,22162,PUT
196,glass-facade-cleaning-riffa,https://rukn-eltatawer.com/bh/glass-facade-cleaning-riffa/,4,1,24887,22189,PUT
195,glass-facade-cleaning-muharraq,https://rukn-eltatawer.com/bh/glass-facade-cleaning-muharraq/,4,1,24688,22058,PUT
194,glass-facade-cleaning-manama,https://rukn-eltatawer.com/bh/glass-facade-cleaning-manama/,5,1,26113,22698,PUT
193,marble-polishing-budaiya,https://rukn-eltatawer.com/bh/marble-polishing-budaiya/,6,1,25273,21537,PUT
192,marble-polishing-sitra,https://rukn-eltatawer.com/bh/marble-polishing-sitra/,6,1,25594,21934,PUT
191,marble-polishing-isa-town,https://rukn-eltatawer.com/bh/marble-polishing-isa-town/,6,1,26022,22338,PUT
190,marble-polishing-aali,https://rukn-eltatawer.com/bh/marble-polishing-aali/,6,1,25408,21752,PUT
189,marble-polishing-hamad-town,https://rukn-eltatawer.com/bh/marble-polishing-hamad-town/,4,1,24994,22406,PUT
188,marble-polishing-riffa,https://rukn-eltatawer.com/bh/marble-polishing-riffa/,5,1,25842,22499,PUT
187,marble-polishing-muharraq,https://rukn-eltatawer.com/bh/marble-polishing-muharraq/,4,1,25103,22473,PUT
186,marble-polishing-manama,https://rukn-eltatawer.com/bh/marble-polishing-manama/,4,1,25514,22838,PUT
185,mattress-cleaning-budaiya,https://rukn-eltatawer.com/bh/mattress-cleaning-budaiya/,6,1,24778,21118,PUT
184,mattress-cleaning-sitra,https://rukn-eltatawer.com/bh/mattress-cleaning-sitra/,4,1,24220,21574,PUT
183,mattress-cleaning-isa-town,https://rukn-eltatawer.com/bh/mattress-cleaning-isa-town/,4,1,24430,21774,PUT
182,mattress-cleaning-aali,https://rukn-eltatawer.com/bh/mattress-cleaning-aali/,4,1,23761,21123,PUT
181,mattress-cleaning-hamad-town,https://rukn-eltatawer.com/bh/mattress-cleaning-hamad-town/,6,1,25394,21550,PUT
180,mattress-cleaning-riffa,https://rukn-eltatawer.com/bh/mattress-cleaning-riffa/,4,1,24453,21755,PUT
179,mattress-cleaning-muharraq,https://rukn-eltatawer.com/bh/mattress-cleaning-muharraq/,4,1,24594,21964,PUT
178,mattress-cleaning-manama,https://rukn-eltatawer.com/bh/mattress-cleaning-manama/,4,1,25040,22364,PUT
177,curtain-cleaning-budaiya,https://rukn-eltatawer.com/bh/curtain-cleaning-budaiya/,6,1,24700,20964,PUT
176,curtain-cleaning-sitra,https://rukn-eltatawer.com/bh/curtain-cleaning-sitra/,6,1,24876,21144,PUT
175,curtain-cleaning-isa-town,https://rukn-eltatawer.com/bh/curtain-cleaning-isa-town/,5,1,25217,21920,PUT
174,curtain-cleaning-aali,https://rukn-eltatawer.com/bh/curtain-cleaning-aali/,4,1,23771,21133,PUT
173,curtain-cleaning-hamad-town,https://rukn-eltatawer.com/bh/curtain-cleaning-hamad-town/,6,1,25383,21539,PUT
172,curtain-cleaning-riffa,https://rukn-eltatawer.com/bh/curtain-cleaning-riffa/,6,1,25300,21516,PUT
171,curtain-cleaning-muharraq,https://rukn-eltatawer.com/bh/curtain-cleaning-muharraq/,4,1,24307,21677,PUT
170,curtain-cleaning-manama,https://rukn-eltatawer.com/bh/curtain-cleaning-manama/,6,1,25911,22103,PUT
169,sofa-cleaning-budaiya,https://rukn-eltatawer.com/bh/sofa-cleaning-budaiya/,4,1,23563,20979,PUT
168,sofa-cleaning-sitra,https://rukn-eltatawer.com/bh/sofa-cleaning-sitra/,5,1,24698,21409,PUT
167,sofa-cleaning-isa-town,https://rukn-eltatawer.com/bh/sofa-cleaning-isa-town/,6,1,25405,21721,PUT
166,sofa-cleaning-aali,https://rukn-eltatawer.com/bh/sofa-cleaning-aali/,5,1,24451,21166,PUT
165,sofa-cleaning-hamad-town,https://rukn-eltatawer.com/bh/sofa-cleaning-hamad-town/,5,1,25191,21704,PUT
164,sofa-cleaning-riffa,https://rukn-eltatawer.com/bh/sofa-cleaning-riffa/,5,1,25254,21875,PUT
163,sofa-cleaning-muharraq,https://rukn-eltatawer.com/bh/sofa-cleaning-muharraq/,4,1,24269,21639,PUT
162,sofa-cleaning-manama,https://rukn-eltatawer.com/bh/sofa-cleaning-manama/,4,1,25019,22343,PUT
161,moquette-cleaning-budaiya,https://rukn-eltatawer.com/bh/moquette-cleaning-budaiya/,5,1,24544,21257,PUT
160,moquette-cleaning-sitra,https://rukn-eltatawer.com/bh/moquette-cleaning-sitra/,4,1,24023,21377,PUT
159,moquette-cleaning-isa-town,https://rukn-eltatawer.com/bh/moquette-cleaning-isa-town/,5,1,25311,21870,PUT
158,moquette-cleaning-aali,https://rukn-eltatawer.com/bh/moquette-cleaning-aali/,6,1,24731,21075,PUT
157,moquette-cleaning-hamad-town,https://rukn-eltatawer.com/bh/moquette-cleaning-hamad-town/,6,1,25429,21667,PUT
156,moquette-cleaning-riffa,https://rukn-eltatawer.com/bh/moquette-cleaning-riffa/,4,1,24366,21668,PUT
155,moquette-cleaning-muharraq,https://rukn-eltatawer.com/bh/moquette-cleaning-muharraq/,4,1,24416,21786,PUT
154,moquette-cleaning-manama,https://rukn-eltatawer.com/bh/moquette-cleaning-manama/,4,1,24687,22011,PUT
153,carpet-cleaning-budaiya,https://rukn-eltatawer.com/bh/carpet-cleaning-budaiya/,5,1,24451,21218,PUT
152,carpet-cleaning-sitra,https://rukn-eltatawer.com/bh/carpet-cleaning-sitra/,4,1,23973,21327,PUT
151,carpet-cleaning-isa-town,https://rukn-eltatawer.com/bh/carpet-cleaning-isa-town/,5,1,25187,21892,PUT
150,carpet-cleaning-aali,https://rukn-eltatawer.com/bh/carpet-cleaning-aali/,6,1,24767,20993,PUT
149,carpet-cleaning-hamad-town,https://rukn-eltatawer.com/bh/carpet-cleaning-hamad-town/,4,1,24095,21507,PUT
148,carpet-cleaning-riffa,https://rukn-eltatawer.com/bh/carpet-cleaning-riffa/,5,1,25365,21890,PUT
147,carpet-cleaning-muharraq,https://rukn-eltatawer.com/bh/carpet-cleaning-muharraq/,4,1,24548,21918,PUT
146,carpet-cleaning-manama,https://rukn-eltatawer.com/bh/carpet-cleaning-manama/,4,1,25050,22374,PUT
145,diesel-tank-cleaning-budaiya,https://rukn-eltatawer.com/bh/diesel-tank-cleaning-budaiya/,5,1,24712,21465,PUT
144,diesel-tank-cleaning-sitra,https://rukn-eltatawer.com/bh/diesel-tank-cleaning-sitra/,6,1,25012,21308,PUT
143,diesel-tank-cleaning-isa-town,https://rukn-eltatawer.com/bh/diesel-tank-cleaning-isa-town/,6,1,25507,21785,PUT
142,diesel-tank-cleaning-aali,https://rukn-eltatawer.com/bh/diesel-tank-cleaning-aali/,5,1,24752,21435,PUT
141,diesel-tank-cleaning-hamad-town,https://rukn-eltatawer.com/bh/diesel-tank-cleaning-hamad-town/,5,1,25464,21961,PUT
140,diesel-tank-cleaning-riffa,https://rukn-eltatawer.com/bh/diesel-tank-cleaning-riffa/,4,1,24803,22105,PUT
139,diesel-tank-cleaning-muharraq,https://rukn-eltatawer.com/bh/diesel-tank-cleaning-muharraq/,5,1,25472,22129,PUT
138,diesel-tank-cleaning-manama,https://rukn-eltatawer.com/bh/diesel-tank-cleaning-manama/,5,1,25960,22547,PUT
137,water-tank-cleaning-budaiya,https://rukn-eltatawer.com/bh/water-tank-cleaning-budaiya/,4,1,24150,21566,PUT
136,water-tank-cleaning-sitra,https://rukn-eltatawer.com/bh/water-tank-cleaning-sitra/,4,1,24461,21815,PUT
135,water-tank-cleaning-isa-town,https://rukn-eltatawer.com/bh/water-tank-cleaning-isa-town/,5,1,25420,22115,PUT
134,water-tank-cleaning-aali,https://rukn-eltatawer.com/bh/water-tank-cleaning-aali/,5,1,24792,21475,PUT
133,water-tank-cleaning-hamad-town,https://rukn-eltatawer.com/bh/water-tank-cleaning-hamad-town/,4,1,24616,22028,PUT
132,water-tank-cleaning-riffa,https://rukn-eltatawer.com/bh/water-tank-cleaning-riffa/,5,1,25419,22092,PUT
131,water-tank-cleaning-muharraq,https://rukn-eltatawer.com/bh/water-tank-cleaning-muharraq/,5,1,25649,22138,PUT
130,water-tank-cleaning-manama,https://rukn-eltatawer.com/bh/water-tank-cleaning-manama/,6,1,26014,22230,PUT
129,bathroom-cleaning-budaiya,https://rukn-eltatawer.com/bh/bathroom-cleaning-budaiya/,5,1,24613,21262,PUT
128,bathroom-cleaning-sitra,https://rukn-eltatawer.com/bh/bathroom-cleaning-sitra/,6,1,25068,21292,PUT
127,bathroom-cleaning-isa-town,https://rukn-eltatawer.com/bh/bathroom-cleaning-isa-town/,4,1,24371,21715,PUT
126,bathroom-cleaning-aali,https://rukn-eltatawer.com/bh/bathroom-cleaning-aali/,4,1,23744,21106,PUT
125,bathroom-cleaning-hamad-town,https://rukn-eltatawer.com/bh/bathroom-cleaning-hamad-town/,5,1,25255,21818,PUT
124,bathroom-cleaning-riffa,https://rukn-eltatawer.com/bh/bathroom-cleaning-riffa/,6,1,25245,21515,PUT
123,bathroom-cleaning-muharraq,https://rukn-eltatawer.com/bh/bathroom-cleaning-muharraq/,6,1,25234,21494,PUT
122,bathroom-cleaning-manama,https://rukn-eltatawer.com/bh/bathroom-cleaning-manama/,4,1,24900,22224,PUT
121,kitchen-cleaning-budaiya,https://rukn-eltatawer.com/bh/kitchen-cleaning-budaiya/,6,1,24541,20835,PUT
120,kitchen-cleaning-sitra,https://rukn-eltatawer.com/bh/kitchen-cleaning-sitra/,5,1,24643,21396,PUT
119,kitchen-cleaning-isa-town,https://rukn-eltatawer.com/bh/kitchen-cleaning-isa-town/,4,1,24439,21783,PUT
118,kitchen-cleaning-aali,https://rukn-eltatawer.com/bh/kitchen-cleaning-aali/,5,1,24576,21211,PUT
117,kitchen-cleaning-hamad-town,https://rukn-eltatawer.com/bh/kitchen-cleaning-hamad-town/,6,1,25152,21392,PUT
116,kitchen-cleaning-riffa,https://rukn-eltatawer.com/bh/kitchen-cleaning-riffa/,6,1,25229,21499,PUT
115,kitchen-cleaning-muharraq,https://rukn-eltatawer.com/bh/kitchen-cleaning-muharraq/,5,1,25437,21938,PUT
114,kitchen-cleaning-manama,https://rukn-eltatawer.com/bh/kitchen-cleaning-manama/,5,1,25981,22332,PUT
113,pool-cleaning-budaiya,https://rukn-eltatawer.com/bh/pool-cleaning-budaiya/,4,1,23669,21085,PUT
112,pool-cleaning-sitra,https://rukn-eltatawer.com/bh/pool-cleaning-sitra/,4,1,23936,21290,PUT
111,pool-cleaning-isa-town,https://rukn-eltatawer.com/bh/pool-cleaning-isa-town/,6,1,25298,21530,PUT
110,pool-cleaning-aali,https://rukn-eltatawer.com/bh/pool-cleaning-aali/,4,1,23969,21331,PUT
109,pool-cleaning-hamad-town,https://rukn-eltatawer.com/bh/pool-cleaning-hamad-town/,6,1,25476,21714,PUT
108,pool-cleaning-riffa,https://rukn-eltatawer.com/bh/pool-cleaning-riffa/,4,1,24379,21681,PUT
107,pool-cleaning-muharraq,https://rukn-eltatawer.com/bh/pool-cleaning-muharraq/,4,1,24535,21905,PUT
106,pool-cleaning-manama,https://rukn-eltatawer.com/bh/pool-cleaning-manama/,4,1,24785,22109,PUT
105,mall-cleaning-budaiya,https://rukn-eltatawer.com/bh/mall-cleaning-budaiya/,6,1,25313,21531,PUT
104,mall-cleaning-sitra,https://rukn-eltatawer.com/bh/mall-cleaning-sitra/,5,1,25261,21994,PUT
103,mall-cleaning-isa-town,https://rukn-eltatawer.com/bh/mall-cleaning-isa-town/,5,1,25781,22456,PUT
102,mall-cleaning-aali,https://rukn-eltatawer.com/bh/mall-cleaning-aali/,5,1,25082,21809,PUT
101,mall-cleaning-hamad-town,https://rukn-eltatawer.com/bh/mall-cleaning-hamad-town/,4,1,24884,22296,PUT
100,mall-cleaning-riffa,https://rukn-eltatawer.com/bh/mall-cleaning-riffa/,6,1,25974,22168,PUT
99,mall-cleaning-muharraq,https://rukn-eltatawer.com/bh/mall-cleaning-muharraq/,5,1,25835,22480,PUT
98,mall-cleaning-manama,https://rukn-eltatawer.com/bh/mall-cleaning-manama/,6,1,26310,22526,PUT
97,hospital-clinic-cleaning-budaiya,https://rukn-eltatawer.com/bh/hospital-clinic-cleaning-budaiya/,5,1,25031,21700,PUT
96,hospital-clinic-cleaning-sitra,https://rukn-eltatawer.com/bh/hospital-clinic-cleaning-sitra/,4,1,24439,21793,PUT
95,hospital-clinic-cleaning-isa-town,https://rukn-eltatawer.com/bh/hospital-clinic-cleaning-isa-town/,6,1,25897,22091,PUT
94,hospital-clinic-cleaning-aali,https://rukn-eltatawer.com/bh/hospital-clinic-cleaning-aali/,5,1,24887,21628,PUT
93,hospital-clinic-cleaning-hamad-town,https://rukn-eltatawer.com/bh/hospital-clinic-cleaning-hamad-town/,4,1,24593,22005,PUT
92,hospital-clinic-cleaning-riffa,https://rukn-eltatawer.com/bh/hospital-clinic-cleaning-riffa/,4,1,24815,22117,PUT
91,hospital-clinic-cleaning-muharraq,https://rukn-eltatawer.com/bh/hospital-clinic-cleaning-muharraq/,6,1,25843,22039,PUT
90,hospital-clinic-cleaning-manama,https://rukn-eltatawer.com/bh/hospital-clinic-cleaning-manama/,4,1,25296,22620,PUT
89,school-nursery-cleaning-budaiya,https://rukn-eltatawer.com/bh/school-nursery-cleaning-budaiya/,6,1,25039,21303,PUT
88,school-nursery-cleaning-sitra,https://rukn-eltatawer.com/bh/school-nursery-cleaning-sitra/,5,1,25103,21720,PUT
87,school-nursery-cleaning-isa-town,https://rukn-eltatawer.com/bh/school-nursery-cleaning-isa-town/,4,1,24764,22108,PUT
86,school-nursery-cleaning-aali,https://rukn-eltatawer.com/bh/school-nursery-cleaning-aali/,6,1,25025,21369,PUT
85,school-nursery-cleaning-hamad-town,https://rukn-eltatawer.com/bh/school-nursery-cleaning-hamad-town/,4,1,24469,21881,PUT
84,school-nursery-cleaning-riffa,https://rukn-eltatawer.com/bh/school-nursery-cleaning-riffa/,5,1,25531,22204,PUT
83,school-nursery-cleaning-muharraq,https://rukn-eltatawer.com/bh/school-nursery-cleaning-muharraq/,6,1,25822,22006,PUT
82,school-nursery-cleaning-manama,https://rukn-eltatawer.com/bh/school-nursery-cleaning-manama/,5,1,26301,22636,PUT
81,majlis-cleaning-budaiya,https://rukn-eltatawer.com/bh/majlis-cleaning-budaiya/,6,1,24557,20851,PUT
80,majlis-cleaning-sitra,https://rukn-eltatawer.com/bh/majlis-cleaning-sitra/,6,1,24958,21298,PUT
79,majlis-cleaning-isa-town,https://rukn-eltatawer.com/bh/majlis-cleaning-isa-town/,5,1,25189,21896,PUT
78,majlis-cleaning-aali,https://rukn-eltatawer.com/bh/majlis-cleaning-aali/,5,1,24533,21240,PUT
77,majlis-cleaning-hamad-town,https://rukn-eltatawer.com/bh/majlis-cleaning-hamad-town/,5,1,25256,21823,PUT
76,majlis-cleaning-riffa,https://rukn-eltatawer.com/bh/majlis-cleaning-riffa/,5,1,25256,21945,PUT
75,majlis-cleaning-muharraq,https://rukn-eltatawer.com/bh/majlis-cleaning-muharraq/,4,1,24300,21670,PUT
74,majlis-cleaning-manama,https://rukn-eltatawer.com/bh/majlis-cleaning-manama/,6,1,25825,22119,PUT
73,office-cleaning-budaiya,https://rukn-eltatawer.com/bh/office-cleaning-budaiya/,5,1,24461,21222,PUT
72,office-cleaning-sitra,https://rukn-eltatawer.com/bh/office-cleaning-sitra/,4,1,24001,21355,PUT
71,office-cleaning-isa-town,https://rukn-eltatawer.com/bh/office-cleaning-isa-town/,5,1,25217,21920,PUT
70,office-cleaning-aali,https://rukn-eltatawer.com/bh/office-cleaning-aali/,6,1,24741,21085,PUT
69,office-cleaning-hamad-town,https://rukn-eltatawer.com/bh/office-cleaning-hamad-town/,4,1,24183,21595,PUT
68,office-cleaning-riffa,https://rukn-eltatawer.com/bh/office-cleaning-riffa/,4,1,24510,21812,PUT
67,office-cleaning-muharraq,https://rukn-eltatawer.com/bh/office-cleaning-muharraq/,6,1,25596,21780,PUT
66,office-cleaning-manama,https://rukn-eltatawer.com/bh/office-cleaning-manama/,4,1,25057,22381,PUT
65,palace-cleaning-budaiya,https://rukn-eltatawer.com/bh/palace-cleaning-budaiya/,4,1,23603,21019,PUT
64,palace-cleaning-sitra,https://rukn-eltatawer.com/bh/palace-cleaning-sitra/,6,1,24753,21049,PUT
63,palace-cleaning-isa-town,https://rukn-eltatawer.com/bh/palace-cleaning-isa-town/,5,1,25139,21848,PUT
62,palace-cleaning-aali,https://rukn-eltatawer.com/bh/palace-cleaning-aali/,4,1,23680,21042,PUT
61,palace-cleaning-hamad-town,https://rukn-eltatawer.com/bh/palace-cleaning-hamad-town/,4,1,24375,21787,PUT
60,palace-cleaning-riffa,https://rukn-eltatawer.com/bh/palace-cleaning-riffa/,5,1,25084,21771,PUT
59,palace-cleaning-muharraq,https://rukn-eltatawer.com/bh/palace-cleaning-muharraq/,4,1,24385,21755,PUT
58,palace-cleaning-manama,https://rukn-eltatawer.com/bh/palace-cleaning-manama/,4,1,24879,22203,PUT
57,villa-cleaning-budaiya,https://rukn-eltatawer.com/bh/villa-cleaning-budaiya/,4,1,23515,20931,PUT
56,villa-cleaning-sitra,https://rukn-eltatawer.com/bh/villa-cleaning-sitra/,6,1,24759,21055,PUT
55,villa-cleaning-isa-town,https://rukn-eltatawer.com/bh/villa-cleaning-isa-town/,6,1,25457,21651,PUT
54,villa-cleaning-aali,https://rukn-eltatawer.com/bh/villa-cleaning-aali/,5,1,24488,21203,PUT
53,villa-cleaning-hamad-town,https://rukn-eltatawer.com/bh/villa-cleaning-hamad-town/,6,1,25398,21636,PUT
52,villa-cleaning-riffa,https://rukn-eltatawer.com/bh/villa-cleaning-riffa/,5,1,25153,21846,PUT
51,villa-cleaning-muharraq,https://rukn-eltatawer.com/bh/villa-cleaning-muharraq/,5,1,25123,21800,PUT
50,villa-cleaning-manama,https://rukn-eltatawer.com/bh/villa-cleaning-manama/,5,1,25907,22262,PUT
49,apartment-cleaning-budaiya,https://rukn-eltatawer.com/bh/apartment-cleaning-budaiya/,4,1,23609,21025,PUT
48,apartment-cleaning-sitra,https://rukn-eltatawer.com/bh/apartment-cleaning-sitra/,5,1,24650,21361,PUT
47,apartment-cleaning-isa-town,https://rukn-eltatawer.com/bh/apartment-cleaning-isa-town/,5,1,25221,21880,PUT
46,apartment-cleaning-aali,https://rukn-eltatawer.com/bh/apartment-cleaning-aali/,5,1,24395,21154,PUT
45,apartment-cleaning-hamad-town,https://rukn-eltatawer.com/bh/apartment-cleaning-hamad-town/,6,1,25391,21629,PUT
44,apartment-cleaning-riffa,https://rukn-eltatawer.com/bh/apartment-cleaning-riffa/,4,1,24422,21724,PUT
43,apartment-cleaning-muharraq,https://rukn-eltatawer.com/bh/apartment-cleaning-muharraq/,4,1,24308,21678,PUT
42,apartment-cleaning-manama,https://rukn-eltatawer.com/bh/apartment-cleaning-manama/,5,1,25925,22280,PUT
41,home-cleaning-budaiya,https://rukn-eltatawer.com/bh/home-cleaning-budaiya/,4,1,23617,21033,PUT
40,home-cleaning-sitra,https://rukn-eltatawer.com/bh/home-cleaning-sitra/,6,1,24800,21096,PUT
39,home-cleaning-isa-town,https://rukn-eltatawer.com/bh/home-cleaning-isa-town/,5,1,25287,21938,PUT
38,home-cleaning-aali,https://rukn-eltatawer.com/bh/home-cleaning-aali/,4,1,23817,21179,PUT
37,home-cleaning-hamad-town,https://rukn-eltatawer.com/bh/home-cleaning-hamad-town/,5,1,25254,21763,PUT
36,home-cleaning-riffa,https://rukn-eltatawer.com/bh/home-cleaning-riffa/,4,1,24673,21975,PUT
35,home-cleaning-muharraq,https://rukn-eltatawer.com/bh/home-cleaning-muharraq/,6,1,25607,21791,PUT
34,home-cleaning-manama,https://rukn-eltatawer.com/bh/home-cleaning-manama/,4,1,24757,22081,PUT
